,42_5
0,0
1,1
2,2
3,4
4,5
5,7
6,8
7,9
8,10
9,11
10,13
11,14
12,15
13,16
14,17
15,18
16,19
17,20
18,22
19,23
20,24
21,26
22,27
23,28
24,29
25,31
26,33
27,34
28,36
29,37
30,38
31,39
32,40
33,41
34,42
35,44
36,46
37,47
38,49
39,50
40,51
41,52
42,53
43,54
44,55
45,57
46,58
47,60
48,61
49,62
50,64
51,65
52,66
53,67
54,68
55,69
56,71
57,72
58,74
59,76
60,77
61,79
62,80
63,81
64,82
65,83
66,84
67,85
68,86
69,87
70,89
71,90
72,91
73,92
74,93
75,94
76,95
77,96
78,97
79,99
80,100
81,101
82,104
83,105
84,106
85,110
86,111
87,112
88,114
89,115
90,116
91,117
92,118
93,119
94,120
95,121
96,122
97,123
98,124
99,126
100,128
101,130
102,131
103,132
104,133
105,134
106,136
107,138
108,139
109,140
110,141
111,142
112,143
113,144
114,145
115,146
116,147
117,150
118,151
119,152
120,154
121,155
122,156
123,157
124,158
125,159
126,160
127,161
128,162
129,163
130,164
131,166
132,167
133,168
134,169
135,170
136,171
137,172
138,174
139,175
140,176
141,178
142,179
143,180
144,182
145,183
146,184
147,185
148,186
149,187
150,188
151,189
152,190
153,191
154,192
155,193
156,194
157,195
158,196
159,197
160,198
161,199
162,200
163,201
164,202
165,203
166,204
167,205
168,206
169,207
170,209
171,211
172,212
173,213
174,214
175,215
176,216
177,217
178,218
179,220
180,221
181,222
182,224
183,225
184,226
185,227
186,229
187,230
188,231
189,232
190,233
191,234
192,235
193,237
194,239
195,240
196,241
197,242
198,243
199,244
200,245
201,247
202,248
203,250
204,251
205,252
206,253
207,254
208,255
209,256
210,258
211,259
212,260
213,261
214,262
215,263
216,264
217,265
218,268
219,269
220,271
221,273
222,274
223,275
224,276
225,278
226,280
227,281
228,282
229,286
230,288
231,289
232,290
233,291
234,292
235,294
236,295
237,296
238,297
239,298
240,299
241,301
242,302
243,303
244,305
245,306
246,307
247,308
248,310
249,311
250,312
251,313
252,315
253,316
254,318
255,319
256,320
257,321
258,322
259,323
260,324
261,325
262,327
263,328
264,329
265,330
266,331
267,332
268,333
269,335
270,336
271,337
272,338
273,339
274,340
275,342
276,343
277,344
278,345
279,347
280,349
281,351
282,352
283,353
284,354
285,355
286,356
287,357
288,359
289,360
290,362
291,363
292,364
293,365
294,366
295,367
296,368
297,369
298,371
299,372
300,374
301,375
302,376
303,377
304,379
305,381
306,382
307,383
308,384
309,385
310,386
311,387
312,388
313,390
314,391
315,392
316,395
317,396
318,397
319,398
320,399
321,400
322,401
323,402
324,403
325,404
326,405
327,407
328,410
329,411
330,412
331,414
332,415
333,416
334,417
335,420
336,421
337,422
338,423
339,424
340,425
341,426
342,427
343,429
344,430
345,431
346,432
347,433
348,435
349,436
350,437
351,438
352,440
353,441
354,442
355,443
356,444
357,445
358,446
359,447
360,448
361,449
362,450
363,451
364,452
365,453
366,454
367,455
368,457
369,458
370,459
371,460
372,461
373,463
374,464
375,465
376,466
377,467
378,468
379,469
380,472
381,474
382,475
383,476
384,477
385,478
386,479
387,481
388,482
389,485
390,487
391,488
392,490
393,491
394,492
395,493
396,494
397,495
398,497
399,499
400,501
401,502
402,503
403,505
404,506
405,507
406,508
407,509
408,510
409,511
410,513
411,515
412,516
413,517
414,519
415,521
416,522
417,523
418,524
419,525
420,526
421,527
422,528
423,529
424,530
425,531
426,532
427,533
428,534
429,536
430,537
431,538
432,539
433,540
434,541
435,542
436,543
437,545
438,547
439,548
440,549
441,550
442,551
443,552
444,553
445,555
446,556
447,557
448,558
449,559
450,561
451,562
452,563
453,566
454,570
455,573
456,574
457,576
458,577
459,579
460,581
461,582
462,583
463,584
464,586
465,587
466,588
467,589
468,590
469,592
470,593
471,594
472,596
473,597
474,598
475,601
476,602
477,603
478,606
479,607
480,608
481,609
482,611
483,612
484,614
485,616
486,617
487,618
488,619
489,621
490,622
491,623
492,624
493,625
494,627
495,628
496,629
497,630
498,632
499,633
500,636
501,638
502,641
503,642
504,643
505,645
506,646
507,647
508,648
509,650
510,651
511,652
512,653
513,654
514,657
515,658
516,659
517,660
518,661
519,662
520,663
521,665
522,666
523,668
524,669
525,670
526,671
527,673
528,675
529,676
530,679
531,680
532,681
533,682
534,684
535,685
536,686
537,688
538,689
539,690
540,691
541,693
542,694
543,695
544,696
545,697
546,698
547,701
548,702
549,703
550,704
551,705
552,706
553,707
554,708
555,709
556,710
557,711
558,712
559,713
560,714
561,716
562,717
563,718
564,719
565,721
566,722
567,726
568,727
569,728
570,729
571,730
572,731
573,733
574,734
575,735
576,736
577,737
578,739
579,740
580,741
581,742
582,743
583,744
584,745
585,747
586,749
587,750
588,751
589,752
590,754
591,755
592,756
593,757
594,758
595,759
596,760
597,765
598,766
599,767
600,768
601,769
602,771
603,772
604,773
605,774
606,775
607,776
608,777
609,778
610,779
611,781
612,784
613,785
614,786
615,787
616,788
617,789
618,790
619,791
620,793
621,795
622,796
623,797
624,798
625,799
626,800
627,802
628,803
629,804
630,805
631,806
632,807
633,808
634,809
635,810
636,811
637,812
638,813
639,814
640,815
641,816
642,817
643,818
644,820
645,821
646,822
647,823
648,824
649,825
650,827
651,828
652,829
653,830
654,831
655,832
656,833
657,834
658,836
659,837
660,838
661,839
662,840
663,841
664,842
665,843
666,844
667,845
668,846
669,847
670,848
671,849
672,850
673,851
674,852
675,854
676,856
677,857
678,858
679,859
680,860
681,861
682,863
683,864
684,865
685,866
686,867
687,868
688,869
689,870
690,871
691,872
692,873
693,874
694,875
695,876
696,877
697,878
698,879
699,881
700,882
701,886
702,887
703,888
704,890
705,891
706,893
707,895
708,897
709,898
710,899
711,900
712,901
713,902
714,904
715,905
716,906
717,907
718,909
719,910
720,912
721,913
722,914
723,915
724,916
725,917
726,918
727,919
728,920
729,921
730,923
731,924
732,925
733,926
734,929
735,930
736,931
737,932
738,933
739,934
740,935
741,936
742,937
743,938
744,939
745,940
746,941
747,944
748,945
749,946
750,949
751,950
752,951
753,952
754,953
755,954
756,955
757,956
758,957
759,958
760,959
761,960
762,961
763,962
764,963
765,964
766,965
767,966
768,967
769,968
770,969
771,971
772,972
773,973
774,974
775,975
776,976
777,977
778,978
779,979
780,981
781,982
782,983
783,984
784,985
785,986
786,987
787,988
788,989
789,990
790,992
791,993
792,994
793,996
794,997
795,998
796,999
797,1000
798,1001
799,1002
800,1003
801,1004
802,1005
803,1008
804,1010
805,1011
806,1012
807,1013
808,1014
809,1015
810,1016
811,1018
812,1019
813,1021
814,1022
815,1024
816,1025
817,1026
818,1027
819,1028
820,1029
821,1030
822,1031
823,1032
824,1033
825,1034
826,1035
827,1037
828,1039
829,1041
830,1042
831,1043
832,1044
833,1045
834,1046
835,1048
836,1049
837,1050
838,1051
839,1052
840,1053
841,1054
842,1055
843,1056
844,1057
845,1058
846,1060
847,1061
848,1063
849,1064
850,1066
851,1069
852,1070
853,1071
854,1072
855,1073
856,1074
857,1075
858,1076
859,1078
860,1079
861,1082
862,1083
863,1084
864,1085
865,1088
866,1089
867,1090
868,1091
869,1092
870,1093
871,1096
872,1098
873,1099
874,1100
875,1101
876,1102
877,1103
878,1104
879,1105
880,1107
881,1108
882,1109
883,1111
884,1112
885,1113
886,1114
887,1115
888,1116
889,1118
890,1119
891,1120
892,1122
893,1123
894,1124
895,1125
896,1126
897,1129
898,1130
899,1131
900,1134
901,1135
902,1136
903,1137
904,1138
905,1140
906,1141
907,1142
908,1143
909,1144
910,1145
911,1146
912,1147
913,1148
914,1151
915,1154
916,1155
917,1158
918,1159
919,1160
920,1161
921,1162
922,1164
923,1165
924,1166
925,1167
926,1168
927,1169
928,1170
929,1171
930,1172
931,1173
932,1174
933,1175
934,1176
935,1177
936,1178
937,1179
938,1180
939,1181
940,1182
941,1183
942,1184
943,1185
944,1186
945,1187
946,1188
947,1189
948,1190
949,1191
950,1193
951,1194
952,1196
953,1198
954,1200
955,1201
956,1202
957,1203
958,1204
959,1205
960,1206
961,1208
962,1209
963,1210
964,1211
965,1212
966,1213
967,1214
968,1218
969,1219
970,1220
971,1222
972,1223
973,1225
974,1226
975,1228
976,1229
977,1230
978,1231
979,1232
980,1233
981,1235
982,1236
983,1237
984,1238
985,1240
986,1241
987,1242
988,1245
989,1246
990,1247
991,1248
992,1251
993,1252
994,1253
995,1254
996,1255
997,1256
998,1257
999,1258
1000,1259
1001,1260
1002,1261
1003,1262
1004,1263
1005,1264
1006,1266
1007,1268
1008,1269
1009,1270
1010,1271
1011,1272
1012,1273
1013,1274
1014,1275
1015,1276
1016,1277
1017,1279
1018,1280
1019,1281
1020,1283
1021,1284
1022,1285
1023,1286
1024,1287
1025,1288
1026,1289
1027,1290
1028,1292
1029,1293
1030,1294
1031,1295
1032,1297
1033,1300
1034,1301
1035,1302
1036,1303
1037,1305
1038,1306
1039,1308
1040,1309
1041,1310
1042,1311
1043,1312
1044,1313
1045,1314
1046,1315
1047,1316
1048,1317
1049,1318
1050,1320
1051,1321
1052,1322
1053,1323
1054,1327
1055,1328
1056,1331
1057,1333
1058,1335
1059,1336
1060,1337
1061,1338
1062,1339
1063,1340
1064,1341
1065,1342
1066,1344
1067,1345
1068,1346
1069,1347
1070,1348
1071,1349
1072,1350
1073,1351
1074,1353
1075,1355
1076,1356
1077,1358
1078,1360
1079,1362
1080,1363
1081,1364
1082,1366
1083,1367
1084,1368
1085,1369
1086,1370
1087,1371
1088,1372
1089,1373
1090,1374
1091,1376
1092,1377
1093,1378
1094,1379
1095,1380
1096,1382
1097,1383
1098,1384
1099,1385
1100,1386
1101,1388
1102,1389
1103,1391
1104,1392
1105,1393
1106,1394
1107,1395
1108,1396
1109,1397
1110,1398
1111,1399
1112,1400
1113,1401
1114,1402
1115,1403
1116,1405
1117,1406
1118,1407
1119,1408
1120,1409
1121,1410
1122,1411
1123,1412
1124,1413
1125,1414
1126,1415
1127,1417
1128,1418
1129,1419
1130,1420
1131,1421
1132,1423
1133,1424
1134,1425
1135,1426
1136,1427
1137,1428
1138,1429
1139,1430
1140,1431
1141,1432
1142,1434
1143,1435
1144,1437
1145,1439
1146,1440
1147,1441
1148,1442
1149,1443
1150,1444
1151,1446
1152,1447
1153,1448
1154,1449
1155,1451
1156,1452
1157,1454
1158,1455
1159,1456
1160,1457
1161,1458
1162,1460
1163,1461
1164,1462
1165,1463
1166,1464
1167,1465
1168,1467
1169,1468
1170,1469
1171,1470
1172,1471
1173,1472
1174,1473
1175,1474
1176,1475
1177,1476
1178,1477
1179,1478
1180,1479
1181,1480
1182,1481
1183,1482
1184,1483
1185,1484
1186,1485
1187,1486
1188,1487
1189,1489
1190,1490
1191,1491
1192,1492
1193,1493
1194,1494
1195,1496
1196,1499
1197,1500
1198,1503
1199,1504
1200,1508
1201,1513
1202,1514
1203,1515
1204,1516
1205,1518
1206,1519
1207,1520
1208,1521
1209,1522
1210,1524
1211,1526
1212,1527
1213,1528
1214,1530
1215,1531
1216,1532
1217,1535
1218,1536
1219,1538
1220,1540
1221,1541
1222,1542
1223,1543
1224,1544
1225,1545
1226,1548
1227,1549
1228,1551
1229,1552
1230,1553
1231,1554
1232,1555
1233,1556
1234,1557
1235,1559
1236,1560
1237,1561
1238,1562
1239,1563
1240,1564
1241,1566
1242,1567
1243,1568
1244,1569
1245,1570
1246,1571
1247,1572
1248,1573
1249,1574
1250,1577
1251,1578
1252,1579
1253,1580
1254,1582
1255,1583
1256,1585
1257,1586
1258,1587
1259,1588
1260,1589
1261,1591
1262,1593
1263,1594
1264,1595
1265,1596
1266,1597
1267,1598
1268,1599
1269,1600
1270,1601
1271,1603
1272,1604
1273,1606
1274,1608
1275,1609
1276,1610
1277,1612
1278,1613
1279,1614
1280,1616
1281,1618
1282,1619
1283,1620
1284,1621
1285,1622
1286,1623
1287,1624
1288,1625
1289,1626
1290,1627
1291,1628
1292,1629
1293,1630
1294,1631
1295,1632
1296,1633
1297,1634
1298,1636
1299,1637
1300,1638
1301,1639
1302,1641
1303,1642
1304,1643
1305,1644
1306,1645
1307,1648
1308,1649
1309,1650
1310,1651
1311,1652
1312,1653
1313,1654
1314,1655
1315,1656
1316,1657
1317,1658
1318,1659
1319,1660
1320,1661
1321,1662
1322,1663
1323,1664
1324,1665
1325,1666
1326,1667
1327,1668
1328,1669
1329,1670
1330,1671
1331,1672
1332,1673
1333,1674
1334,1676
1335,1677
1336,1678
1337,1679
1338,1680
1339,1681
1340,1682
1341,1683
1342,1684
1343,1685
1344,1687
1345,1689
1346,1691
1347,1693
1348,1694
1349,1695
1350,1696
1351,1698
1352,1699
1353,1700
1354,1702
1355,1703
1356,1704
1357,1705
1358,1706
1359,1707
1360,1708
1361,1709
1362,1710
1363,1711
1364,1712
1365,1713
1366,1715
1367,1716
1368,1718
1369,1719
1370,1720
1371,1721
1372,1722
1373,1723
1374,1725
1375,1727
1376,1728
1377,1729
1378,1732
1379,1733
1380,1735
1381,1736
1382,1738
1383,1739
1384,1740
1385,1743
1386,1744
1387,1745
1388,1747
1389,1748
1390,1750
1391,1751
1392,1752
1393,1753
1394,1754
1395,1756
1396,1757
1397,1758
1398,1759
1399,1760
1400,1761
1401,1762
1402,1763
1403,1764
1404,1765
1405,1766
1406,1768
1407,1769
1408,1770
1409,1771
1410,1772
1411,1773
1412,1774
1413,1775
1414,1776
1415,1777
1416,1780
1417,1781
1418,1782
1419,1784
1420,1785
1421,1787
1422,1788
1423,1789
1424,1790
1425,1791
1426,1793
1427,1795
1428,1797
1429,1798
1430,1799
1431,1800
1432,1801
1433,1802
1434,1803
1435,1804
1436,1805
1437,1806
1438,1807
1439,1808
1440,1809
1441,1810
1442,1811
1443,1812
1444,1813
1445,1814
1446,1816
1447,1817
1448,1818
1449,1819
1450,1820
1451,1822
1452,1823
1453,1824
1454,1826
1455,1827
1456,1828
1457,1829
1458,1830
1459,1832
1460,1833
1461,1834
1462,1835
1463,1836
1464,1837
1465,1838
1466,1839
1467,1840
1468,1841
1469,1842
1470,1844
1471,1845
1472,1846
1473,1848
1474,1849
1475,1850
1476,1851
1477,1852
1478,1853
1479,1854
1480,1855
1481,1856
1482,1857
1483,1858
1484,1860
1485,1861
1486,1862
1487,1863
1488,1864
1489,1866
1490,1867
1491,1868
1492,1869
1493,1870
1494,1872
1495,1873
1496,1874
1497,1875
1498,1876
1499,1877
1500,1878
1501,1879
1502,1880
1503,1881
1504,1882
1505,1884
1506,1885
1507,1886
1508,1887
1509,1888
1510,1889
1511,1890
1512,1891
1513,1892
1514,1893
1515,1894
1516,1895
1517,1896
1518,1897
1519,1898
1520,1899
1521,1900
1522,1902
1523,1905
1524,1906
1525,1910
1526,1913
1527,1914
1528,1916
1529,1917
1530,1918
1531,1919
1532,1920
1533,1921
1534,1922
1535,1923
1536,1925
1537,1926
1538,1927
1539,1929
1540,1930
1541,1931
1542,1932
1543,1933
1544,1934
1545,1935
1546,1936
1547,1937
1548,1938
1549,1940
1550,1943
1551,1944
1552,1946
1553,1947
1554,1948
1555,1949
1556,1951
1557,1953
1558,1954
1559,1955
1560,1956
1561,1957
1562,1958
1563,1960
1564,1963
1565,1965
1566,1966
1567,1967
1568,1968
1569,1969
1570,1970
1571,1971
1572,1972
1573,1973
1574,1974
1575,1975
1576,1976
1577,1977
1578,1978
1579,1979
1580,1980
1581,1982
1582,1983
1583,1984
1584,1985
1585,1986
1586,1987
1587,1988
1588,1989
1589,1990
1590,1992
1591,1993
1592,1994
1593,1995
1594,1996
1595,1997
1596,1998
1597,1999
1598,2000
1599,2001
1600,2002
1601,2003
1602,2005
1603,2006
1604,2008
1605,2009
1606,2010
1607,2011
1608,2012
1609,2013
1610,2014
1611,2016
1612,2017
1613,2018
1614,2019
1615,2020
1616,2021
1617,2022
1618,2023
1619,2024
1620,2025
1621,2026
1622,2027
1623,2028
1624,2030
1625,2031
1626,2033
1627,2034
1628,2037
1629,2038
1630,2039
1631,2040
1632,2042
1633,2043
1634,2044
1635,2045
1636,2046
1637,2048
1638,2050
1639,2051
1640,2052
1641,2053
1642,2054
1643,2055
1644,2056
1645,2057
1646,2059
1647,2061
1648,2062
1649,2063
1650,2064
1651,2065
1652,2066
1653,2067
1654,2068
1655,2071
1656,2072
1657,2073
1658,2075
1659,2076
1660,2077
1661,2078
1662,2079
1663,2081
1664,2083
1665,2085
1666,2086
1667,2087
1668,2088
1669,2089
1670,2090
1671,2092
1672,2093
1673,2094
1674,2098
1675,2099
1676,2100
1677,2101
1678,2102
1679,2105
1680,2106
1681,2107
1682,2109
1683,2110
1684,2111
1685,2112
1686,2113
1687,2114
1688,2116
1689,2117
1690,2118
1691,2119
1692,2120
1693,2123
1694,2124
1695,2126
1696,2127
1697,2128
1698,2129
1699,2130
1700,2131
1701,2132
1702,2133
1703,2134
1704,2135
1705,2136
1706,2138
1707,2139
1708,2141
1709,2142
1710,2143
1711,2144
1712,2145
1713,2146
1714,2147
1715,2148
1716,2149
1717,2150
1718,2151
1719,2153
1720,2154
1721,2155
1722,2156
1723,2157
1724,2158
1725,2159
1726,2160
1727,2161
1728,2162
1729,2163
1730,2164
1731,2165
1732,2166
1733,2167
1734,2168
1735,2169
1736,2170
1737,2171
1738,2172
1739,2174
1740,2175
1741,2176
1742,2177
1743,2178
1744,2179
1745,2180
1746,2182
1747,2184
1748,2185
1749,2186
1750,2188
1751,2189
1752,2192
1753,2193
1754,2196
1755,2197
1756,2199
1757,2200
1758,2201
1759,2202
1760,2203
1761,2204
1762,2205
1763,2206
1764,2207
1765,2208
1766,2210
1767,2211
1768,2212
1769,2213
1770,2214
1771,2215
1772,2216
1773,2217
1774,2218
1775,2219
1776,2220
1777,2221
1778,2223
1779,2224
1780,2225
1781,2226
1782,2227
1783,2228
1784,2229
1785,2230
1786,2232
1787,2234
1788,2235
1789,2238
1790,2240
1791,2241
1792,2242
1793,2243
1794,2244
1795,2245
1796,2247
1797,2248
1798,2249
1799,2250
1800,2251
1801,2252
1802,2253
1803,2255
1804,2256
1805,2257
1806,2258
1807,2260
1808,2261
1809,2262
1810,2263
1811,2264
1812,2265
1813,2266
1814,2267
1815,2268
1816,2269
1817,2270
1818,2271
1819,2273
1820,2274
1821,2275
1822,2277
1823,2278
1824,2279
1825,2281
1826,2282
1827,2283
1828,2284
1829,2285
1830,2286
1831,2287
1832,2288
1833,2289
1834,2290
1835,2291
1836,2292
1837,2294
1838,2295
1839,2297
1840,2298
1841,2299
1842,2300
1843,2301
1844,2302
1845,2304
1846,2305
1847,2306
1848,2307
1849,2311
1850,2312
1851,2313
1852,2314
1853,2315
1854,2316
1855,2317
1856,2319
1857,2320
1858,2321
1859,2322
1860,2323
1861,2324
1862,2325
1863,2326
1864,2327
1865,2328
1866,2329
1867,2330
1868,2331
1869,2332
1870,2333
1871,2334
1872,2335
1873,2336
1874,2338
1875,2339
1876,2340
1877,2341
1878,2343
1879,2344
1880,2345
1881,2346
1882,2347
1883,2352
1884,2353
1885,2354
1886,2355
1887,2356
1888,2358
1889,2360
1890,2362
1891,2363
1892,2364
1893,2365
1894,2366
1895,2368
1896,2369
1897,2370
1898,2371
1899,2372
1900,2375
1901,2377
1902,2378
1903,2379
1904,2380
1905,2381
1906,2382
1907,2383
1908,2384
1909,2385
1910,2386
1911,2387
1912,2389
1913,2390
1914,2392
1915,2393
1916,2394
1917,2395
1918,2396
1919,2397
1920,2398
1921,2399
1922,2400
1923,2401
1924,2402
1925,2405
1926,2406
1927,2407
1928,2409
1929,2410
1930,2411
1931,2412
1932,2414
1933,2415
1934,2416
1935,2417
1936,2419
1937,2420
1938,2421
1939,2424
1940,2425
1941,2426
1942,2428
1943,2429
1944,2431
1945,2432
1946,2433
1947,2434
1948,2435
1949,2436
1950,2437
1951,2438
1952,2440
1953,2441
1954,2442
1955,2443
1956,2444
1957,2446
1958,2447
1959,2448
1960,2449
1961,2451
1962,2452
1963,2453
1964,2455
1965,2456
1966,2457
1967,2458
1968,2459
1969,2460
1970,2462
1971,2463
1972,2464
1973,2465
1974,2466
1975,2468
1976,2469
1977,2473
1978,2475
1979,2476
1980,2477
1981,2479
1982,2480
1983,2484
1984,2485
1985,2487
1986,2488
1987,2490
1988,2491
1989,2492
1990,2493
1991,2494
1992,2495
1993,2496
1994,2497
1995,2498
1996,2499
1997,2501
1998,2502
1999,2503
2000,2505
2001,2506
2002,2508
2003,2509
2004,2510
2005,2511
2006,2512
2007,2513
2008,2514
2009,2515
2010,2516
2011,2518
2012,2519
2013,2520
2014,2521
2015,2522
2016,2524
2017,2525
2018,2526
2019,2527
2020,2528
2021,2529
2022,2530
2023,2532
2024,2533
2025,2534
2026,2535
2027,2536
2028,2540
2029,2541
2030,2542
2031,2543
2032,2545
2033,2546
2034,2547
2035,2548
2036,2549
2037,2550
2038,2551
2039,2552
2040,2553
2041,2554
2042,2555
2043,2556
2044,2557
2045,2558
2046,2559
2047,2560
2048,2561
2049,2563
2050,2566
2051,2567
2052,2568
2053,2569
2054,2570
2055,2571
2056,2572
2057,2573
2058,2574
2059,2575
2060,2576
2061,2577
2062,2578
2063,2579
2064,2580
2065,2581
2066,2582
2067,2583
2068,2584
2069,2585
2070,2586
2071,2588
2072,2589
2073,2590
2074,2591
2075,2592
2076,2593
2077,2594
2078,2595
2079,2596
2080,2597
2081,2598
2082,2599
2083,2600
2084,2601
2085,2602
2086,2603
2087,2604
2088,2605
2089,2606
2090,2607
2091,2609
2092,2610
2093,2612
2094,2613
2095,2614
2096,2616
2097,2618
2098,2619
2099,2621
2100,2622
2101,2623
2102,2624
2103,2626
2104,2628
2105,2629
2106,2630
2107,2631
2108,2632
2109,2634
2110,2635
2111,2636
2112,2637
2113,2640
2114,2642
2115,2643
2116,2644
2117,2645
2118,2646
2119,2647
2120,2648
2121,2649
2122,2651
2123,2653
2124,2654
2125,2655
2126,2656
2127,2657
2128,2660
2129,2661
2130,2662
2131,2663
2132,2664
2133,2665
2134,2666
2135,2667
2136,2668
2137,2669
2138,2670
2139,2671
2140,2675
2141,2676
2142,2678
2143,2679
2144,2680
2145,2681
2146,2683
2147,2684
2148,2685
2149,2686
2150,2688
2151,2689
2152,2691
2153,2692
2154,2693
2155,2694
2156,2695
2157,2696
2158,2697
2159,2698
2160,2699
2161,2700
2162,2701
2163,2703
2164,2705
2165,2707
2166,2708
2167,2709
2168,2711
2169,2712
2170,2714
2171,2715
2172,2718
2173,2719
2174,2721
2175,2722
2176,2723
2177,2724
2178,2726
2179,2727
2180,2728
2181,2729
2182,2730
2183,2731
2184,2732
2185,2733
2186,2734
2187,2735
2188,2736
2189,2737
2190,2740
2191,2741
2192,2742
2193,2743
2194,2744
2195,2746
2196,2747
2197,2750
2198,2751
2199,2752
2200,2753
2201,2754
2202,2755
2203,2756
2204,2757
2205,2758
2206,2759
2207,2760
2208,2761
2209,2764
2210,2765
2211,2766
2212,2767
2213,2768
2214,2770
2215,2771
2216,2773
2217,2774
2218,2775
2219,2776
2220,2777
2221,2778
2222,2781
2223,2782
2224,2784
2225,2785
2226,2786
2227,2787
2228,2788
2229,2789
2230,2790
2231,2792
2232,2793
2233,2795
2234,2796
2235,2797
2236,2798
2237,2799
2238,2801
2239,2802
2240,2803
2241,2804
2242,2806
2243,2807
2244,2809
2245,2810
2246,2811
2247,2812
2248,2814
2249,2815
2250,2816
2251,2818
2252,2819
2253,2820
2254,2821
2255,2822
2256,2823
2257,2824
2258,2825
2259,2827
2260,2830
2261,2831
2262,2832
2263,2833
2264,2834
2265,2835
2266,2836
2267,2837
2268,2838
2269,2839
2270,2841
2271,2844
2272,2845
2273,2846
2274,2847
2275,2848
2276,2849
2277,2850
2278,2851
2279,2853
2280,2854
2281,2855
2282,2856
2283,2858
2284,2860
2285,2861
2286,2862
2287,2864
2288,2865
2289,2866
2290,2867
2291,2868
2292,2869
2293,2871
2294,2872
2295,2873
2296,2875
2297,2876
2298,2877
2299,2878
2300,2879
2301,2880
2302,2881
2303,2882
2304,2883
2305,2884
2306,2885
2307,2886
2308,2887
2309,2888
2310,2889
2311,2890
2312,2891
2313,2893
2314,2900
2315,2901
2316,2902
2317,2903
2318,2904
2319,2905
2320,2906
2321,2907
2322,2909
2323,2911
2324,2912
2325,2913
2326,2914
2327,2915
2328,2916
2329,2917
2330,2918
2331,2921
2332,2922
2333,2923
2334,2924
2335,2925
2336,2926
2337,2927
2338,2928
2339,2929
2340,2930
2341,2931
2342,2932
2343,2933
2344,2935
2345,2936
2346,2937
2347,2939
2348,2940
2349,2942
2350,2945
2351,2947
2352,2950
2353,2951
2354,2952
2355,2955
2356,2956
2357,2957
2358,2958
2359,2959
2360,2960
2361,2961
2362,2962
2363,2964
2364,2965
2365,2967
2366,2968
2367,2969
2368,2970
2369,2972
2370,2973
2371,2975
2372,2976
2373,2977
2374,2978
2375,2979
2376,2980
2377,2981
2378,2982
2379,2983
2380,2984
2381,2985
2382,2987
2383,2988
2384,2989
2385,2990
2386,2991
2387,2992
2388,2993
2389,2994
2390,2996
2391,2997
2392,2998
2393,2999
2394,3001
2395,3002
2396,3003
2397,3006
2398,3007
2399,3008
2400,3009
2401,3010
2402,3011
2403,3012
2404,3013
2405,3014
2406,3015
2407,3016
2408,3017
2409,3018
2410,3019
2411,3021
2412,3025
2413,3026
2414,3028
2415,3029
2416,3030
2417,3032
2418,3033
2419,3034
2420,3035
2421,3038
2422,3040
2423,3041
2424,3043
2425,3044
2426,3045
2427,3046
2428,3047
2429,3048
2430,3050
2431,3052
2432,3053
2433,3055
2434,3056
2435,3057
2436,3058
2437,3059
2438,3060
2439,3061
2440,3062
2441,3063
2442,3064
2443,3065
2444,3066
2445,3068
2446,3070
2447,3071
2448,3073
2449,3074
2450,3075
2451,3076
2452,3077
2453,3078
2454,3080
2455,3081
2456,3082
2457,3084
2458,3085
2459,3086
2460,3087
2461,3088
2462,3090
2463,3091
2464,3092
2465,3094
2466,3095
2467,3096
2468,3097
2469,3099
2470,3103
2471,3104
2472,3105
2473,3106
2474,3107
2475,3108
2476,3109
2477,3111
2478,3112
2479,3114
2480,3115
2481,3116
2482,3117
2483,3118
2484,3119
2485,3121
2486,3122
2487,3123
2488,3124
2489,3125
2490,3126
2491,3127
2492,3128
2493,3129
2494,3130
2495,3131
2496,3132
2497,3133
2498,3136
2499,3138
2500,3140
2501,3143
2502,3146
2503,3147
2504,3148
2505,3149
2506,3151
2507,3152
2508,3153
2509,3154
2510,3155
2511,3156
2512,3157
2513,3158
2514,3159
2515,3160
2516,3161
2517,3162
2518,3163
2519,3165
2520,3166
2521,3167
2522,3168
2523,3169
2524,3170
2525,3171
2526,3172
2527,3174
2528,3176
2529,3177
2530,3178
2531,3179
2532,3180
2533,3181
2534,3182
2535,3183
2536,3184
2537,3185
2538,3186
2539,3187
2540,3188
2541,3189
2542,3190
2543,3191
2544,3192
2545,3194
2546,3195
2547,3196
2548,3197
2549,3198
2550,3199
2551,3200
2552,3201
2553,3202
2554,3203
2555,3204
2556,3205
2557,3206
2558,3207
2559,3209
2560,3210
2561,3211
2562,3212
2563,3213
2564,3214
2565,3215
2566,3217
2567,3219
2568,3221
2569,3222
2570,3223
2571,3224
2572,3225
2573,3227
2574,3229
2575,3230
2576,3231
2577,3233
2578,3234
2579,3235
2580,3236
2581,3237
2582,3238
2583,3240
2584,3241
2585,3242
2586,3243
2587,3244
2588,3245
2589,3246
2590,3249
2591,3251
2592,3252
2593,3253
2594,3254
2595,3255
2596,3257
2597,3258
2598,3261
2599,3262
2600,3263
2601,3265
2602,3266
2603,3267
2604,3268
2605,3269
2606,3270
2607,3271
2608,3272
2609,3273
2610,3274
2611,3275
2612,3276
2613,3278
2614,3279
2615,3280
2616,3281
2617,3282
2618,3283
2619,3286
2620,3288
2621,3289
2622,3290
2623,3291
2624,3293
2625,3294
2626,3295
2627,3296
2628,3299
2629,3300
2630,3301
2631,3302
2632,3303
2633,3304
2634,3305
2635,3306
2636,3307
2637,3308
2638,3309
2639,3310
2640,3311
2641,3313
2642,3314
2643,3316
2644,3317
2645,3319
2646,3320
2647,3321
2648,3322
2649,3324
2650,3325
2651,3326
2652,3327
2653,3328
2654,3329
2655,3330
2656,3331
2657,3332
2658,3333
2659,3334
2660,3335
2661,3336
2662,3338
2663,3340
2664,3341
2665,3342
2666,3343
2667,3344
2668,3345
2669,3348
2670,3349
2671,3350
2672,3351
2673,3352
2674,3354
2675,3355
2676,3356
2677,3357
2678,3358
2679,3360
2680,3361
2681,3362
2682,3363
2683,3364
2684,3365
2685,3368
2686,3369
2687,3370
2688,3371
2689,3372
2690,3373
2691,3374
2692,3376
2693,3377
2694,3378
2695,3379
2696,3381
2697,3382
2698,3383
2699,3384
2700,3385
2701,3386
2702,3387
2703,3388
2704,3389
2705,3390
2706,3391
2707,3392
2708,3393
2709,3394
2710,3395
2711,3396
2712,3397
2713,3398
2714,3400
2715,3401
2716,3402
2717,3404
2718,3405
2719,3406
2720,3407
2721,3408
2722,3409
2723,3410
2724,3411
2725,3412
2726,3413
2727,3415
2728,3416
2729,3417
2730,3418
2731,3419
2732,3420
2733,3423
2734,3424
2735,3425
2736,3426
2737,3428
2738,3429
2739,3430
2740,3431
2741,3432
2742,3433
2743,3434
2744,3436
2745,3437
2746,3439
2747,3440
2748,3441
2749,3443
2750,3445
2751,3446
2752,3447
2753,3448
2754,3449
2755,3450
2756,3451
2757,3452
2758,3453
2759,3455
2760,3456
2761,3458
2762,3461
2763,3462
2764,3464
2765,3465
2766,3466
2767,3467
2768,3468
2769,3469
2770,3470
2771,3471
2772,3472
2773,3473
2774,3475
2775,3476
2776,3478
2777,3479
2778,3480
2779,3481
2780,3482
2781,3483
2782,3484
2783,3485
2784,3487
2785,3488
2786,3489
2787,3491
2788,3492
2789,3493
2790,3494
2791,3495
2792,3496
2793,3498
2794,3499
2795,3500
2796,3502
2797,3503
2798,3504
2799,3506
2800,3507
2801,3508
2802,3509
2803,3510
2804,3511
2805,3512
2806,3513
2807,3514
2808,3515
2809,3516
2810,3517
2811,3519
2812,3521
2813,3522
2814,3523
2815,3524
2816,3526
2817,3528
2818,3529
2819,3530
2820,3531
2821,3532
2822,3533
2823,3535
2824,3537
2825,3538
2826,3541
2827,3542
2828,3543
2829,3545
2830,3546
2831,3547
2832,3548
2833,3549
2834,3551
2835,3552
2836,3553
2837,3554
2838,3555
2839,3556
2840,3558
2841,3559
2842,3560
2843,3561
2844,3562
2845,3563
2846,3564
2847,3566
2848,3567
2849,3568
2850,3570
2851,3571
2852,3574
2853,3575
2854,3576
2855,3577
2856,3578
2857,3579
2858,3580
2859,3582
2860,3583
2861,3585
2862,3586
2863,3587
2864,3588
2865,3589
2866,3590
2867,3591
2868,3592
2869,3593
2870,3594
2871,3595
2872,3596
2873,3597
2874,3598
2875,3599
2876,3602
2877,3603
2878,3606
2879,3607
2880,3608
2881,3610
2882,3611
2883,3612
2884,3613
2885,3614
2886,3615
2887,3617
2888,3618
2889,3619
2890,3620
2891,3621
2892,3623
2893,3625
2894,3626
2895,3627
2896,3628
2897,3629
2898,3630
2899,3631
2900,3632
2901,3634
2902,3635
2903,3636
2904,3637
2905,3638
2906,3640
2907,3641
2908,3642
2909,3643
2910,3645
2911,3646
2912,3648
2913,3649
2914,3650
2915,3651
2916,3652
2917,3653
2918,3655
2919,3656
2920,3657
2921,3658
2922,3659
2923,3661
2924,3663
2925,3664
2926,3666
2927,3668
2928,3669
2929,3670
2930,3671
2931,3672
2932,3673
2933,3674
2934,3675
2935,3676
2936,3678
2937,3679
2938,3680
2939,3681
2940,3682
2941,3683
2942,3684
2943,3685
2944,3686
2945,3688
2946,3689
2947,3690
2948,3693
2949,3694
2950,3695
2951,3696
2952,3697
2953,3699
2954,3700
2955,3701
2956,3702
2957,3703
2958,3704
2959,3706
2960,3707
2961,3708
2962,3709
2963,3710
2964,3711
2965,3712
2966,3713
2967,3715
2968,3716
2969,3717
2970,3718
2971,3719
2972,3720
2973,3722
2974,3723
2975,3724
2976,3725
2977,3726
2978,3727
2979,3728
2980,3729
2981,3730
2982,3732
2983,3733
2984,3735
2985,3737
2986,3738
2987,3739
2988,3740
2989,3741
2990,3742
2991,3743
2992,3744
2993,3745
2994,3746
2995,3748
2996,3749
2997,3751
2998,3752
2999,3753
3000,3754
3001,3755
3002,3756
3003,3757
3004,3758
3005,3759
3006,3761
3007,3763
3008,3764
3009,3765
3010,3766
3011,3768
3012,3770
3013,3771
3014,3773
3015,3774
3016,3775
3017,3776
3018,3778
3019,3779
3020,3780
3021,3781
3022,3782
3023,3784
3024,3786
3025,3787
3026,3789
3027,3790
3028,3791
3029,3792
3030,3793
3031,3794
3032,3796
3033,3797
3034,3798
3035,3800
3036,3801
3037,3802
3038,3803
3039,3804
3040,3805
3041,3808
3042,3809
3043,3811
3044,3812
3045,3813
3046,3814
3047,3815
3048,3816
3049,3817
3050,3818
3051,3819
3052,3821
3053,3822
3054,3823
3055,3824
3056,3826
3057,3828
3058,3829
3059,3830
3060,3831
3061,3833
3062,3834
3063,3836
3064,3837
3065,3838
3066,3840
3067,3842
3068,3843
3069,3844
3070,3845
3071,3846
3072,3847
3073,3848
3074,3850
3075,3851
3076,3852
3077,3853
3078,3854
3079,3857
3080,3858
3081,3859
3082,3862
3083,3865
3084,3866
3085,3867
3086,3868
3087,3869
3088,3870
3089,3871
3090,3872
3091,3873
3092,3874
3093,3875
3094,3876
3095,3877
3096,3879
3097,3880
3098,3881
3099,3882
3100,3884
3101,3885
3102,3886
3103,3887
3104,3888
3105,3890
3106,3891
3107,3893
3108,3894
3109,3895
3110,3896
3111,3897
3112,3898
3113,3900
3114,3901
3115,3902
3116,3903
3117,3904
3118,3905
3119,3906
3120,3907
3121,3908
3122,3909
3123,3910
3124,3911
3125,3915
3126,3916
3127,3917
3128,3918
3129,3919
3130,3921
3131,3922
3132,3924
3133,3925
3134,3927
3135,3928
3136,3929
3137,3930
3138,3931
3139,3932
3140,3933
3141,3934
3142,3935
3143,3936
3144,3937
3145,3938
3146,3939
3147,3940
3148,3941
3149,3942
3150,3943
3151,3944
3152,3946
3153,3947
3154,3950
3155,3952
3156,3953
3157,3954
3158,3955
3159,3956
3160,3957
3161,3959
3162,3960
3163,3961
3164,3963
3165,3964
3166,3965
3167,3966
3168,3967
3169,3969
3170,3971
3171,3972
3172,3973
3173,3974
3174,3975
3175,3976
3176,3978
3177,3979
3178,3980
3179,3981
3180,3982
3181,3983
3182,3984
3183,3985
3184,3986
3185,3989
3186,3991
3187,3992
3188,3993
3189,3994
3190,3995
3191,3996
3192,3998
3193,3999
3194,4001
3195,4002
3196,4003
3197,4004
3198,4005
3199,4006
3200,4008
3201,4009
3202,4010
3203,4011
3204,4013
3205,4014
3206,4015
3207,4016
3208,4017
3209,4018
3210,4019
3211,4020
3212,4021
3213,4022
3214,4023
3215,4025
3216,4026
3217,4027
3218,4028
3219,4029
3220,4030
3221,4031
3222,4034
3223,4035
3224,4037
3225,4038
3226,4039
3227,4041
3228,4042
3229,4043
3230,4044
3231,4045
3232,4046
3233,4047
3234,4048
3235,4049
3236,4050
3237,4052
3238,4053
3239,4054
3240,4055
3241,4056
3242,4057
3243,4058
3244,4059
3245,4060
3246,4061
3247,4062
3248,4063
3249,4064
3250,4065
3251,4067
3252,4068
3253,4071
3254,4072
3255,4073
3256,4074
3257,4076
3258,4077
3259,4078
3260,4081
3261,4082
3262,4083
3263,4084
3264,4086
3265,4088
3266,4089
3267,4090
3268,4091
3269,4092
3270,4093
3271,4095
3272,4096
3273,4097
3274,4098
3275,4099
3276,4100
3277,4102
3278,4103
3279,4104
3280,4105
3281,4106
3282,4107
3283,4108
3284,4109
3285,4110
3286,4111
3287,4112
3288,4113
3289,4115
3290,4116
3291,4117
3292,4118
3293,4119
3294,4120
3295,4123
3296,4124
3297,4125
3298,4126
3299,4127
3300,4128
3301,4129
3302,4130
3303,4131
3304,4132
3305,4133
3306,4134
3307,4135
3308,4136
3309,4137
3310,4138
3311,4139
3312,4141
3313,4142
3314,4143
3315,4144
3316,4145
3317,4149
3318,4150
3319,4152
3320,4154
3321,4155
3322,4157
3323,4158
3324,4159
3325,4160
3326,4161
3327,4162
3328,4163
3329,4164
3330,4166
3331,4168
3332,4169
3333,4170
3334,4171
3335,4173
3336,4174
3337,4175
3338,4176
3339,4177
3340,4179
3341,4180
3342,4181
3343,4182
3344,4183
3345,4184
3346,4185
3347,4186
3348,4187
3349,4188
3350,4190
3351,4191
3352,4192
3353,4194
3354,4195
3355,4196
3356,4197
3357,4198
3358,4199
3359,4201
3360,4202
3361,4203
3362,4204
3363,4205
3364,4206
3365,4207
3366,4209
3367,4210
3368,4211
3369,4213
3370,4214
3371,4215
3372,4216
3373,4217
3374,4218
3375,4219
3376,4220
3377,4221
3378,4222
3379,4223
3380,4224
3381,4225
3382,4226
3383,4228
3384,4231
3385,4232
3386,4233
3387,4234
3388,4235
3389,4236
3390,4237
3391,4238
3392,4239
3393,4240
3394,4241
3395,4242
3396,4243
3397,4244
3398,4245
3399,4246
3400,4247
3401,4248
3402,4249
3403,4250
3404,4252
3405,4253
3406,4254
3407,4256
3408,4257
3409,4258
3410,4259
3411,4260
3412,4261
3413,4262
3414,4263
3415,4264
3416,4265
3417,4267
3418,4268
3419,4269
3420,4270
3421,4271
3422,4272
3423,4273
3424,4276
3425,4279
3426,4280
3427,4281
3428,4282
3429,4283
3430,4284
3431,4285
3432,4286
3433,4287
3434,4288
3435,4290
3436,4291
3437,4292
3438,4293
3439,4294
3440,4295
3441,4296
3442,4297
3443,4298
3444,4299
3445,4300
3446,4302
3447,4303
3448,4305
3449,4306
3450,4307
3451,4308
3452,4309
3453,4310
3454,4311
3455,4312
3456,4313
3457,4314
3458,4315
3459,4317
3460,4318
3461,4319
3462,4321
3463,4322
3464,4323
3465,4324
3466,4326
3467,4328
3468,4331
3469,4332
3470,4333
3471,4337
3472,4338
3473,4339
3474,4340
3475,4341
3476,4343
3477,4344
3478,4346
3479,4347
3480,4348
3481,4349
3482,4350
3483,4351
3484,4352
3485,4353
3486,4354
3487,4355
3488,4356
3489,4357
3490,4358
3491,4359
3492,4360
3493,4361
3494,4362
3495,4363
3496,4364
3497,4366
3498,4367
3499,4368
3500,4369
3501,4370
3502,4371
3503,4373
3504,4375
3505,4376
3506,4377
3507,4378
3508,4379
3509,4380
3510,4381
3511,4382
3512,4383
3513,4384
3514,4385
3515,4386
3516,4387
3517,4388
3518,4389
3519,4390
3520,4391
3521,4392
3522,4393
3523,4395
3524,4396
3525,4397
3526,4399
3527,4400
3528,4401
3529,4402
3530,4403
3531,4404
3532,4407
3533,4408
3534,4409
3535,4410
3536,4411
3537,4412
3538,4413
3539,4414
3540,4415
3541,4416
3542,4418
3543,4419
3544,4421
3545,4422
3546,4425
3547,4426
3548,4427
3549,4428
3550,4429
3551,4430
3552,4431
3553,4433
3554,4434
3555,4436
3556,4438
3557,4440
3558,4441
3559,4442
3560,4444
3561,4445
3562,4446
3563,4448
3564,4449
3565,4450
3566,4451
3567,4453
3568,4454
3569,4455
3570,4456
3571,4459
3572,4460
3573,4461
3574,4462
3575,4463
3576,4464
3577,4465
3578,4466
3579,4468
3580,4469
3581,4470
3582,4473
3583,4474
3584,4475
3585,4476
3586,4477
3587,4478
3588,4479
3589,4481
3590,4482
3591,4483
3592,4486
3593,4487
3594,4488
3595,4489
3596,4490
3597,4493
3598,4494
3599,4495
3600,4496
3601,4497
3602,4501
3603,4502
3604,4503
3605,4504
3606,4505
3607,4506
3608,4507
3609,4509
3610,4510
3611,4512
3612,4514
3613,4515
3614,4517
3615,4518
3616,4519
3617,4521
3618,4522
3619,4524
3620,4526
3621,4527
3622,4529
3623,4530
3624,4531
3625,4534
3626,4535
3627,4537
3628,4538
3629,4541
3630,4543
3631,4544
3632,4545
3633,4546
3634,4547
3635,4548
3636,4549
3637,4550
3638,4551
3639,4552
3640,4553
3641,4556
3642,4557
3643,4558
3644,4559
3645,4560
3646,4561
3647,4562
3648,4563
3649,4564
3650,4566
3651,4567
3652,4568
3653,4570
3654,4572
3655,4573
3656,4574
3657,4575
3658,4576
3659,4577
3660,4578
3661,4579
3662,4581
3663,4582
3664,4583
3665,4585
3666,4586
3667,4587
3668,4589
3669,4590
3670,4591
3671,4592
3672,4593
3673,4594
3674,4595
3675,4596
3676,4597
3677,4598
3678,4599
3679,4600
3680,4601
3681,4602
3682,4603
3683,4605
3684,4606
3685,4608
3686,4609
3687,4610
3688,4611
3689,4612
3690,4613
3691,4614
3692,4616
3693,4617
3694,4619
3695,4620
3696,4621
3697,4622
3698,4623
3699,4624
3700,4625
3701,4626
3702,4628
3703,4630
3704,4631
3705,4633
3706,4635
3707,4636
3708,4637
3709,4640
3710,4641
3711,4642
3712,4644
3713,4647
3714,4648
3715,4649
3716,4650
3717,4652
3718,4653
3719,4654
3720,4655
3721,4656
3722,4657
3723,4659
3724,4660
3725,4661
3726,4663
3727,4664
3728,4668
3729,4669
3730,4671
3731,4672
3732,4673
3733,4674
3734,4675
3735,4676
3736,4678
3737,4679
3738,4680
3739,4682
3740,4683
3741,4684
3742,4685
3743,4686
3744,4687
3745,4688
3746,4690
3747,4691
3748,4692
3749,4693
3750,4695
3751,4697
3752,4698
3753,4699
3754,4700
3755,4701
3756,4702
3757,4704
3758,4705
3759,4707
3760,4708
3761,4709
3762,4710
3763,4711
3764,4713
3765,4715
3766,4716
3767,4717
3768,4718
3769,4719
3770,4720
3771,4721
3772,4722
3773,4723
3774,4724
3775,4725
3776,4726
3777,4728
3778,4730
3779,4731
3780,4733
3781,4734
3782,4736
3783,4737
3784,4738
3785,4739
3786,4740
3787,4741
3788,4743
3789,4744
3790,4745
3791,4746
3792,4747
3793,4749
3794,4750
3795,4751
3796,4752
3797,4753
3798,4754
3799,4755
3800,4756
3801,4759
3802,4760
3803,4761
3804,4762
3805,4763
3806,4764
3807,4765
3808,4766
3809,4767
3810,4768
3811,4769
3812,4771
3813,4772
3814,4774
3815,4775
3816,4776
3817,4777
3818,4779
3819,4780
3820,4781
3821,4783
3822,4784
3823,4785
3824,4786
3825,4787
3826,4788
3827,4790
3828,4791
3829,4792
3830,4793
3831,4794
3832,4795
3833,4796
3834,4797
3835,4798
3836,4799
3837,4801
3838,4802
3839,4804
3840,4805
3841,4806
3842,4807
3843,4808
3844,4809
3845,4810
3846,4812
3847,4814
3848,4815
3849,4816
3850,4817
3851,4818
3852,4820
3853,4821
3854,4822
3855,4823
3856,4824
3857,4825
3858,4826
3859,4827
3860,4828
3861,4829
3862,4830
3863,4831
3864,4832
3865,4833
3866,4834
3867,4835
3868,4836
3869,4837
3870,4838
3871,4839
3872,4840
3873,4841
3874,4842
3875,4846
3876,4847
3877,4848
3878,4849
3879,4851
3880,4852
3881,4853
3882,4854
3883,4855
3884,4856
3885,4857
3886,4858
3887,4859
3888,4860
3889,4862
3890,4864
3891,4865
3892,4866
3893,4867
3894,4868
3895,4869
3896,4870
3897,4871
3898,4872
3899,4873
3900,4874
3901,4875
3902,4876
3903,4877
3904,4878
3905,4879
3906,4880
3907,4881
3908,4882
3909,4883
3910,4885
3911,4886
3912,4887
3913,4888
3914,4890
3915,4891
3916,4892
3917,4893
3918,4894
3919,4895
3920,4896
3921,4897
3922,4898
3923,4899
3924,4900
3925,4901
3926,4902
3927,4903
3928,4904
3929,4905
3930,4906
3931,4908
3932,4910
3933,4911
3934,4912
3935,4913
3936,4914
3937,4915
3938,4917
3939,4918
3940,4919
3941,4920
3942,4921
3943,4922
3944,4923
3945,4924
3946,4925
3947,4928
3948,4929
3949,4933
3950,4934
3951,4935
3952,4936
3953,4937
3954,4938
3955,4939
3956,4942
3957,4943
3958,4944
3959,4945
3960,4947
3961,4950
3962,4951
3963,4952
3964,4953
3965,4954
3966,4957
3967,4958
3968,4959
3969,4960
3970,4961
3971,4962
3972,4963
3973,4964
3974,4965
3975,4966
3976,4967
3977,4969
3978,4971
3979,4972
3980,4973
3981,4974
3982,4976
3983,4977
3984,4978
3985,4979
3986,4980
3987,4983
3988,4984
3989,4985
3990,4986
3991,4988
3992,4989
3993,4990
3994,4991
3995,4993
3996,4994
3997,4996
3998,4997
3999,4998
4000,4999
4001,5000
4002,5001
4003,5002
4004,5004
4005,5005
4006,5006
4007,5007
4008,5009
4009,5010
4010,5012
4011,5013
4012,5014
4013,5015
4014,5017
4015,5018
4016,5019
4017,5020
4018,5021
4019,5022
4020,5023
4021,5024
4022,5025
4023,5027
4024,5028
4025,5029
4026,5030
4027,5031
4028,5032
4029,5034
4030,5036
4031,5037
4032,5038
4033,5039
4034,5041
4035,5042
4036,5043
4037,5044
4038,5045
4039,5047
4040,5049
4041,5050
4042,5051
4043,5052
4044,5053
4045,5056
4046,5057
4047,5058
4048,5059
4049,5060
4050,5061
4051,5064
4052,5066
4053,5067
4054,5070
4055,5071
4056,5072
4057,5073
4058,5074
4059,5075
4060,5077
4061,5078
4062,5079
4063,5080
4064,5081
4065,5083
4066,5084
4067,5085
4068,5087
4069,5088
4070,5089
4071,5090
4072,5091
4073,5092
4074,5093
4075,5094
4076,5095
4077,5096
4078,5097
4079,5098
4080,5099
4081,5100
4082,5101
4083,5103
4084,5105
4085,5107
4086,5108
4087,5109
4088,5110
4089,5111
4090,5114
4091,5115
4092,5116
4093,5117
4094,5119
4095,5120
4096,5121
4097,5122
4098,5123
4099,5124
4100,5125
4101,5126
4102,5127
4103,5128
4104,5129
4105,5130
4106,5131
4107,5132
4108,5133
4109,5134
4110,5136
4111,5137
4112,5139
4113,5140
4114,5141
4115,5142
4116,5143
4117,5144
4118,5145
4119,5146
4120,5148
4121,5149
4122,5151
4123,5152
4124,5153
4125,5154
4126,5155
4127,5156
4128,5157
4129,5158
4130,5160
4131,5161
4132,5162
4133,5163
4134,5165
4135,5168
4136,5169
4137,5170
4138,5171
4139,5172
4140,5173
4141,5174
4142,5175
4143,5176
4144,5177
4145,5178
4146,5179
4147,5180
4148,5181
4149,5183
4150,5184
4151,5185
4152,5186
4153,5187
4154,5188
4155,5189
4156,5190
4157,5191
4158,5192
4159,5193
4160,5194
4161,5195
4162,5196
4163,5198
4164,5201
4165,5203
4166,5204
4167,5205
4168,5206
4169,5207
4170,5208
4171,5209
4172,5210
4173,5212
4174,5213
4175,5216
4176,5217
4177,5219
4178,5220
4179,5222
4180,5223
4181,5224
4182,5225
4183,5226
4184,5227
4185,5228
4186,5229
4187,5231
4188,5232
4189,5234
4190,5235
4191,5236
4192,5237
4193,5238
4194,5241
4195,5242
4196,5243
4197,5245
4198,5246
4199,5247
4200,5248
4201,5249
4202,5250
4203,5251
4204,5253
4205,5254
4206,5255
4207,5256
4208,5257
4209,5258
4210,5259
4211,5261
4212,5262
4213,5263
4214,5264
4215,5265
4216,5266
4217,5267
4218,5268
4219,5270
4220,5271
4221,5272
4222,5273
4223,5275
4224,5276
4225,5277
4226,5278
4227,5279
4228,5280
4229,5281
4230,5283
4231,5284
4232,5285
4233,5286
4234,5288
4235,5289
4236,5290
4237,5291
4238,5292
4239,5294
4240,5295
4241,5296
4242,5297
4243,5298
4244,5299
4245,5300
4246,5302
4247,5303
4248,5304
4249,5305
4250,5306
4251,5307
4252,5308
4253,5309
4254,5310
4255,5311
4256,5312
4257,5313
4258,5314
4259,5315
4260,5316
4261,5317
4262,5318
4263,5319
4264,5320
4265,5321
4266,5322
4267,5323
4268,5325
4269,5326
4270,5329
4271,5330
4272,5331
4273,5333
4274,5334
4275,5335
4276,5337
4277,5339
4278,5340
4279,5341
4280,5342
4281,5344
4282,5345
4283,5346
4284,5348
4285,5349
4286,5350
4287,5351
4288,5352
4289,5353
4290,5354
4291,5355
4292,5356
4293,5358
4294,5361
4295,5362
4296,5364
4297,5365
4298,5366
4299,5368
4300,5371
4301,5372
4302,5373
4303,5374
4304,5375
4305,5376
4306,5377
4307,5378
4308,5379
4309,5380
4310,5381
4311,5382
4312,5383
4313,5384
4314,5385
4315,5386
4316,5387
4317,5388
4318,5389
4319,5390
4320,5391
4321,5392
4322,5393
4323,5394
4324,5395
4325,5396
4326,5399
4327,5400
4328,5401
4329,5402
4330,5403
4331,5404
4332,5405
4333,5406
4334,5407
4335,5409
4336,5410
4337,5411
4338,5412
4339,5414
4340,5415
4341,5416
4342,5417
4343,5418
4344,5419
4345,5420
4346,5421
4347,5422
4348,5423
4349,5424
4350,5425
4351,5427
4352,5429
4353,5432
4354,5433
4355,5434
4356,5435
4357,5436
4358,5439
4359,5440
4360,5441
4361,5442
4362,5443
4363,5444
4364,5445
4365,5446
4366,5447
4367,5448
4368,5449
4369,5450
4370,5451
4371,5452
4372,5453
4373,5454
4374,5455
4375,5456
4376,5458
4377,5460
4378,5461
4379,5462
4380,5463
4381,5464
4382,5465
4383,5466
4384,5468
4385,5469
4386,5470
4387,5473
4388,5474
4389,5475
4390,5476
4391,5477
4392,5478
4393,5479
4394,5480
4395,5481
4396,5483
4397,5484
4398,5485
4399,5486
4400,5487
4401,5488
4402,5489
4403,5490
4404,5492
4405,5493
4406,5495
4407,5496
4408,5497
4409,5498
4410,5500
4411,5501
4412,5502
4413,5503
4414,5504
4415,5506
4416,5508
4417,5510
4418,5511
4419,5513
4420,5514
4421,5515
4422,5516
4423,5517
4424,5518
4425,5519
4426,5521
4427,5522
4428,5523
4429,5524
4430,5526
4431,5527
4432,5528
4433,5529
4434,5530
4435,5532
4436,5533
4437,5534
4438,5535
4439,5536
4440,5538
4441,5541
4442,5542
4443,5543
4444,5544
4445,5545
4446,5546
4447,5547
4448,5548
4449,5551
4450,5553
4451,5554
4452,5556
4453,5557
4454,5558
4455,5561
4456,5562
4457,5564
4458,5565
4459,5566
4460,5567
4461,5568
4462,5570
4463,5571
4464,5574
4465,5575
4466,5576
4467,5577
4468,5578
4469,5579
4470,5580
4471,5581
4472,5582
4473,5583
4474,5584
4475,5585
4476,5586
4477,5587
4478,5588
4479,5591
4480,5592
4481,5595
4482,5596
4483,5597
4484,5598
4485,5600
4486,5602
4487,5603
4488,5604
4489,5605
4490,5608
4491,5609
4492,5610
4493,5611
4494,5612
4495,5615
4496,5616
4497,5617
4498,5618
4499,5619
4500,5620
4501,5621
4502,5623
4503,5624
4504,5625
4505,5627
4506,5629
4507,5630
4508,5631
4509,5632
4510,5633
4511,5635
4512,5636
4513,5637
4514,5638
4515,5639
4516,5640
4517,5641
4518,5644
4519,5645
4520,5647
4521,5650
4522,5652
4523,5655
4524,5656
4525,5657
4526,5659
4527,5660
4528,5661
4529,5662
4530,5663
4531,5664
4532,5665
4533,5667
4534,5668
4535,5669
4536,5670
4537,5671
4538,5672
4539,5673
4540,5675
4541,5676
4542,5677
4543,5678
4544,5679
4545,5680
4546,5681
4547,5682
4548,5683
4549,5684
4550,5685
4551,5687
4552,5688
4553,5689
4554,5690
4555,5691
4556,5694
4557,5695
4558,5696
4559,5698
4560,5699
4561,5700
4562,5701
4563,5702
4564,5703
4565,5704
4566,5705
4567,5706
4568,5707
4569,5710
4570,5711
4571,5712
4572,5713
4573,5714
4574,5715
4575,5716
4576,5717
4577,5718
4578,5719
4579,5721
4580,5722
4581,5723
4582,5724
4583,5726
4584,5727
4585,5728
4586,5729
4587,5730
4588,5731
4589,5732
4590,5733
4591,5735
4592,5737
4593,5738
4594,5740
4595,5741
4596,5742
4597,5743
4598,5744
4599,5745
4600,5746
4601,5747
4602,5748
4603,5749
4604,5750
4605,5751
4606,5752
4607,5753
4608,5755
4609,5756
4610,5757
4611,5758
4612,5759
4613,5760
4614,5761
4615,5762
4616,5763
4617,5765
4618,5766
4619,5767
4620,5768
4621,5770
4622,5771
4623,5772
4624,5773
4625,5774
4626,5775
4627,5777
4628,5778
4629,5779
4630,5781
4631,5782
4632,5784
4633,5785
4634,5786
4635,5787
4636,5789
4637,5790
4638,5791
4639,5792
4640,5793
4641,5794
4642,5795
4643,5796
4644,5797
4645,5798
4646,5799
4647,5800
4648,5801
4649,5802
4650,5803
4651,5804
4652,5805
4653,5806
4654,5807
4655,5808
4656,5809
4657,5810
4658,5812
4659,5813
4660,5814
4661,5815
4662,5816
4663,5818
4664,5819
4665,5821
4666,5822
4667,5823
4668,5824
4669,5825
4670,5826
4671,5827
4672,5828
4673,5829
4674,5830
4675,5832
4676,5833
4677,5834
4678,5835
4679,5837
4680,5838
4681,5840
4682,5842
4683,5843
4684,5846
4685,5849
4686,5850
4687,5851
4688,5852
4689,5854
4690,5855
4691,5858
4692,5859
4693,5860
4694,5861
4695,5862
4696,5864
4697,5865
4698,5866
4699,5867
4700,5868
4701,5869
4702,5870
4703,5871
4704,5872
4705,5873
4706,5874
4707,5875
4708,5876
4709,5877
4710,5878
4711,5879
4712,5881
4713,5882
4714,5885
4715,5886
4716,5888
4717,5889
4718,5890
4719,5892
4720,5894
4721,5895
4722,5896
4723,5899
4724,5900
4725,5901
4726,5903
4727,5905
4728,5906
4729,5907
4730,5908
4731,5911
4732,5912
4733,5913
4734,5914
4735,5915
4736,5916
4737,5917
4738,5918
4739,5920
4740,5921
4741,5923
4742,5924
4743,5926
4744,5927
4745,5928
4746,5930
4747,5931
4748,5932
4749,5933
4750,5934
4751,5935
4752,5936
4753,5937
4754,5938
4755,5940
4756,5941
4757,5943
4758,5944
4759,5946
4760,5947
4761,5948
4762,5949
4763,5951
4764,5952
4765,5953
4766,5954
4767,5955
4768,5957
4769,5958
4770,5959
4771,5960
4772,5961
4773,5962
4774,5964
4775,5965
4776,5966
4777,5967
4778,5968
4779,5969
4780,5972
4781,5974
4782,5975
4783,5976
4784,5977
4785,5978
4786,5980
4787,5981
4788,5982
4789,5983
4790,5984
4791,5985
4792,5987
4793,5988
4794,5989
4795,5990
4796,5992
4797,5993
4798,5994
4799,5995
4800,5996
4801,5998
4802,5999
4803,6000
4804,6003
4805,6006
4806,6007
4807,6008
4808,6009
4809,6010
4810,6011
4811,6012
4812,6013
4813,6014
4814,6016
4815,6017
4816,6018
4817,6019
4818,6021
4819,6022
4820,6023
4821,6024
4822,6025
4823,6026
4824,6027
4825,6028
4826,6029
4827,6030
4828,6032
4829,6033
4830,6035
4831,6037
4832,6040
4833,6041
4834,6043
4835,6044
4836,6045
4837,6047
4838,6048
4839,6049
4840,6051
4841,6052
4842,6054
4843,6055
4844,6057
4845,6058
4846,6059
4847,6060
4848,6062
4849,6064
4850,6065
4851,6066
4852,6067
4853,6070
4854,6073
4855,6074
4856,6075
4857,6076
4858,6077
4859,6078
4860,6079
4861,6080
4862,6081
4863,6082
4864,6083
4865,6084
4866,6085
4867,6086
4868,6088
4869,6089
4870,6091
4871,6092
4872,6093
4873,6094
4874,6095
4875,6097
4876,6098
4877,6099
4878,6100
4879,6101
4880,6102
4881,6103
4882,6104
4883,6105
4884,6106
4885,6107
4886,6109
4887,6111
4888,6114
4889,6115
4890,6116
4891,6117
4892,6118
4893,6119
4894,6120
4895,6121
4896,6123
4897,6124
4898,6125
4899,6126
4900,6127
4901,6129
4902,6130
4903,6131
4904,6133
4905,6134
4906,6136
4907,6137
4908,6138
4909,6139
4910,6140
4911,6141
4912,6142
4913,6143
4914,6144
4915,6145
4916,6146
4917,6147
4918,6148
4919,6149
4920,6150
4921,6151
4922,6152
4923,6153
4924,6154
4925,6155
4926,6156
4927,6157
4928,6159
4929,6162
4930,6164
4931,6165
4932,6167
4933,6168
4934,6170
4935,6171
4936,6173
4937,6174
4938,6175
4939,6176
4940,6178
4941,6179
4942,6180
4943,6181
4944,6182
4945,6183
4946,6184
4947,6185
4948,6186
4949,6187
4950,6188
4951,6190
4952,6191
4953,6192
4954,6194
4955,6195
4956,6196
4957,6197
4958,6198
4959,6199
4960,6200
4961,6201
4962,6202
4963,6203
4964,6204
4965,6205
4966,6206
4967,6208
4968,6209
4969,6211
4970,6213
4971,6216
4972,6217
4973,6218
4974,6219
4975,6220
4976,6221
4977,6222
4978,6223
4979,6224
4980,6225
4981,6226
4982,6227
4983,6228
4984,6229
4985,6230
4986,6231
4987,6232
4988,6233
4989,6234
4990,6236
4991,6237
4992,6239
4993,6240
4994,6241
4995,6243
4996,6244
4997,6245
4998,6247
4999,6251
5000,6252
5001,6253
5002,6254
5003,6255
5004,6256
5005,6257
5006,6258
5007,6262
5008,6264
5009,6265
5010,6266
5011,6267
5012,6270
5013,6271
5014,6272
5015,6273
5016,6274
5017,6275
5018,6276
5019,6277
5020,6279
5021,6280
5022,6282
5023,6284
5024,6285
5025,6286
5026,6287
5027,6288
5028,6289
5029,6290
5030,6294
5031,6295
5032,6297
5033,6298
5034,6299
5035,6300
5036,6301
5037,6302
5038,6303
5039,6305
5040,6306
5041,6307
5042,6308
5043,6310
5044,6311
5045,6312
5046,6313
5047,6314
5048,6316
5049,6318
5050,6319
5051,6320
5052,6321
5053,6323
5054,6325
5055,6326
5056,6327
5057,6328
5058,6330
5059,6331
5060,6332
5061,6333
5062,6334
5063,6335
5064,6336
5065,6337
5066,6338
5067,6339
5068,6340
5069,6342
5070,6343
5071,6344
5072,6345
5073,6346
5074,6347
5075,6348
5076,6349
5077,6350
5078,6352
5079,6353
5080,6354
5081,6355
5082,6356
5083,6357
5084,6359
5085,6361
5086,6362
5087,6363
5088,6364
5089,6365
5090,6367
5091,6368
5092,6369
5093,6372
5094,6373
5095,6374
5096,6375
5097,6376
5098,6378
5099,6380
5100,6381
5101,6382
5102,6383
5103,6384
5104,6386
5105,6388
5106,6390
5107,6392
5108,6394
5109,6395
5110,6396
5111,6399
5112,6400
5113,6401
5114,6402
5115,6403
5116,6404
5117,6405
5118,6406
5119,6408
5120,6409
5121,6410
5122,6411
5123,6412
5124,6413
5125,6414
5126,6416
5127,6418
5128,6419
5129,6420
5130,6421
5131,6423
5132,6425
5133,6427
5134,6429
5135,6431
5136,6432
5137,6433
5138,6434
5139,6435
5140,6436
5141,6437
5142,6439
5143,6440
5144,6441
5145,6442
5146,6443
5147,6444
5148,6445
5149,6446
5150,6447
5151,6448
5152,6449
5153,6450
5154,6451
5155,6452
5156,6453
5157,6454
5158,6455
5159,6456
5160,6457
5161,6459
5162,6461
5163,6462
5164,6463
5165,6464
5166,6465
5167,6466
5168,6467
5169,6468
5170,6470
5171,6471
5172,6473
5173,6474
5174,6476
5175,6477
5176,6478
5177,6479
5178,6480
5179,6481
5180,6482
5181,6484
5182,6486
5183,6487
5184,6488
5185,6489
5186,6490
5187,6491
5188,6492
5189,6494
5190,6496
5191,6497
5192,6498
5193,6499
5194,6500
5195,6502
5196,6503
5197,6504
5198,6506
5199,6507
5200,6508
5201,6509
5202,6512
5203,6513
5204,6515
5205,6516
5206,6517
5207,6518
5208,6519
5209,6520
5210,6521
5211,6522
5212,6523
5213,6524
5214,6525
5215,6526
5216,6527
5217,6528
5218,6529
5219,6530
5220,6531
5221,6532
5222,6533
5223,6536
5224,6538
5225,6539
5226,6540
5227,6541
5228,6542
5229,6544
5230,6545
5231,6547
5232,6549
5233,6551
5234,6552
5235,6553
5236,6554
5237,6555
5238,6556
5239,6557
5240,6559
5241,6560
5242,6561
5243,6564
5244,6566
5245,6567
5246,6568
5247,6569
5248,6571
5249,6572
5250,6573
5251,6574
5252,6575
5253,6576
5254,6577
5255,6578
5256,6580
5257,6581
5258,6582
5259,6583
5260,6585
5261,6586
5262,6587
5263,6588
5264,6589
5265,6590
5266,6591
5267,6592
5268,6593
5269,6594
5270,6596
5271,6597
5272,6600
5273,6601
5274,6602
5275,6603
5276,6604
5277,6605
5278,6607
5279,6608
5280,6609
5281,6610
5282,6611
5283,6612
5284,6613
5285,6614
5286,6615
5287,6616
5288,6617
5289,6618
5290,6622
5291,6623
5292,6624
5293,6625
5294,6627
5295,6628
5296,6629
5297,6630
5298,6631
5299,6632
5300,6633
5301,6634
5302,6635
5303,6637
5304,6638
5305,6639
5306,6640
5307,6642
5308,6643
5309,6644
5310,6645
5311,6646
5312,6647
5313,6649
5314,6651
5315,6652
5316,6653
5317,6654
5318,6656
5319,6657
5320,6659
5321,6661
5322,6662
5323,6664
5324,6665
5325,6666
5326,6668
5327,6670
5328,6671
5329,6672
5330,6674
5331,6675
5332,6677
5333,6678
5334,6679
5335,6680
5336,6681
5337,6683
5338,6685
5339,6686
5340,6687
5341,6688
5342,6689
5343,6690
5344,6691
5345,6692
5346,6693
5347,6694
5348,6696
5349,6697
5350,6698
5351,6699
5352,6700
5353,6701
5354,6702
5355,6703
5356,6705
5357,6706
5358,6707
5359,6708
5360,6709
5361,6712
5362,6713
5363,6714
5364,6716
5365,6717
5366,6718
5367,6719
5368,6720
5369,6721
5370,6723
5371,6724
5372,6726
5373,6727
5374,6730
5375,6731
5376,6732
5377,6733
5378,6734
5379,6735
5380,6736
5381,6737
5382,6738
5383,6739
5384,6740
5385,6741
5386,6742
5387,6743
5388,6744
5389,6745
5390,6746
5391,6747
5392,6748
5393,6749
5394,6750
5395,6751
5396,6755
5397,6757
5398,6758
5399,6759
5400,6762
5401,6764
5402,6765
5403,6766
5404,6767
5405,6769
5406,6770
5407,6771
5408,6772
5409,6773
5410,6774
5411,6775
5412,6776
5413,6777
5414,6778
5415,6779
5416,6780
5417,6781
5418,6782
5419,6784
5420,6786
5421,6787
5422,6788
5423,6790
5424,6792
5425,6793
5426,6795
5427,6796
5428,6797
5429,6798
5430,6799
5431,6800
5432,6801
5433,6804
5434,6806
5435,6808
5436,6809
5437,6811
5438,6812
5439,6813
5440,6815
5441,6816
5442,6817
5443,6820
5444,6821
5445,6822
5446,6823
5447,6825
5448,6826
5449,6827
5450,6828
5451,6829
5452,6830
5453,6831
5454,6832
5455,6833
5456,6834
5457,6835
5458,6837
5459,6839
5460,6840
5461,6841
5462,6842
5463,6843
5464,6847
5465,6848
5466,6849
5467,6850
5468,6852
5469,6853
5470,6854
5471,6856
5472,6857
5473,6858
5474,6859
5475,6860
5476,6861
5477,6862
5478,6864
5479,6865
5480,6866
5481,6867
5482,6868
5483,6870
5484,6871
5485,6872
5486,6873
5487,6874
5488,6876
5489,6877
5490,6878
5491,6880
5492,6881
5493,6882
5494,6884
5495,6885
5496,6886
5497,6887
5498,6888
5499,6889
5500,6890
5501,6891
5502,6892
5503,6893
5504,6894
5505,6895
5506,6896
5507,6897
5508,6898
5509,6899
5510,6900
5511,6901
5512,6903
5513,6904
5514,6905
5515,6906
5516,6907
5517,6908
5518,6910
5519,6911
5520,6912
5521,6913
5522,6914
5523,6915
5524,6916
5525,6917
5526,6918
5527,6920
5528,6921
5529,6922
5530,6923
5531,6924
5532,6927
5533,6928
5534,6929
5535,6931
5536,6932
5537,6935
5538,6936
5539,6939
5540,6940
5541,6942
5542,6943
5543,6944
5544,6945
5545,6946
5546,6947
5547,6948
5548,6949
5549,6950
5550,6951
5551,6952
5552,6953
5553,6954
5554,6956
5555,6957
5556,6958
5557,6959
5558,6960
5559,6961
5560,6962
5561,6963
5562,6964
5563,6966
5564,6967
5565,6968
5566,6969
5567,6970
5568,6973
5569,6974
5570,6975
5571,6976
5572,6977
5573,6978
5574,6979
5575,6981
5576,6982
5577,6984
5578,6985
5579,6986
5580,6987
5581,6988
5582,6991
5583,6992
5584,6993
5585,6994
5586,6995
5587,6996
5588,6997
5589,6999
5590,7000
5591,7001
5592,7005
5593,7007
5594,7008
5595,7009
5596,7010
5597,7012
5598,7013
5599,7014
5600,7015
5601,7016
5602,7017
5603,7018
5604,7019
5605,7020
5606,7021
5607,7022
5608,7023
5609,7024
5610,7025
5611,7026
5612,7027
5613,7028
5614,7029
5615,7032
5616,7034
5617,7036
5618,7037
5619,7038
5620,7039
5621,7040
5622,7041
5623,7042
5624,7043
5625,7044
5626,7045
5627,7046
5628,7047
5629,7048
5630,7049
5631,7050
5632,7051
5633,7052
5634,7053
5635,7054
5636,7055
5637,7057
5638,7059
5639,7061
5640,7062
5641,7063
5642,7064
5643,7065
5644,7066
5645,7068
5646,7069
5647,7070
5648,7071
5649,7072
5650,7074
5651,7076
5652,7077
5653,7078
5654,7079
5655,7080
5656,7082
5657,7083
5658,7084
5659,7085
5660,7086
5661,7088
5662,7089
5663,7090
5664,7091
5665,7092
5666,7093
5667,7094
5668,7095
5669,7097
5670,7098
5671,7099
5672,7100
5673,7102
5674,7103
5675,7105
5676,7109
5677,7110
5678,7111
5679,7112
5680,7113
5681,7115
5682,7120
5683,7121
5684,7122
5685,7123
5686,7124
5687,7125
5688,7126
5689,7127
5690,7128
5691,7129
5692,7130
5693,7132
5694,7134
5695,7135
5696,7137
5697,7138
5698,7139
5699,7140
5700,7141
5701,7142
5702,7144
5703,7146
5704,7148
5705,7149
5706,7151
5707,7152
5708,7153
5709,7154
5710,7155
5711,7156
5712,7157
5713,7158
5714,7160
5715,7161
5716,7162
5717,7164
5718,7165
5719,7166
5720,7167
5721,7168
5722,7169
5723,7170
5724,7171
5725,7172
5726,7173
5727,7176
5728,7177
5729,7178
5730,7179
5731,7180
5732,7181
5733,7182
5734,7183
5735,7184
5736,7185
5737,7186
5738,7187
5739,7189
5740,7190
5741,7192
5742,7193
5743,7194
5744,7195
5745,7196
5746,7198
5747,7199
5748,7200
5749,7201
5750,7204
5751,7205
5752,7207
5753,7208
5754,7210
5755,7211
5756,7212
5757,7213
5758,7214
5759,7215
5760,7216
5761,7217
5762,7218
5763,7219
5764,7220
5765,7222
5766,7224
5767,7226
5768,7227
5769,7228
5770,7229
5771,7230
5772,7231
5773,7232
5774,7234
5775,7235
5776,7236
5777,7237
5778,7238
5779,7239
5780,7240
5781,7241
5782,7242
5783,7243
5784,7244
5785,7245
5786,7246
5787,7247
5788,7248
5789,7249
5790,7250
5791,7251
5792,7252
5793,7253
5794,7255
5795,7256
5796,7257
5797,7258
5798,7259
5799,7260
5800,7261
5801,7262
5802,7263
5803,7264
5804,7266
5805,7267
5806,7268
5807,7269
5808,7270
5809,7272
5810,7273
5811,7276
5812,7277
5813,7278
5814,7280
5815,7282
5816,7283
5817,7284
5818,7285
5819,7286
5820,7287
5821,7289
5822,7290
5823,7291
5824,7292
5825,7293
5826,7294
5827,7295
5828,7296
5829,7297
5830,7298
5831,7299
5832,7300
5833,7301
5834,7302
5835,7303
5836,7304
5837,7305
5838,7306
5839,7307
5840,7308
5841,7310
5842,7311
5843,7314
5844,7315
5845,7316
5846,7318
5847,7319
5848,7320
5849,7321
5850,7322
5851,7323
5852,7324
5853,7326
5854,7329
5855,7330
5856,7331
5857,7332
5858,7334
5859,7335
5860,7337
5861,7338
5862,7339
5863,7341
5864,7342
5865,7343
5866,7344
5867,7345
5868,7346
5869,7347
5870,7349
5871,7350
5872,7351
5873,7352
5874,7353
5875,7354
5876,7355
5877,7357
5878,7358
5879,7359
5880,7360
5881,7361
5882,7362
5883,7363
5884,7364
5885,7365
5886,7366
5887,7367
5888,7368
5889,7369
5890,7370
5891,7371
5892,7372
5893,7373
5894,7374
5895,7375
5896,7376
5897,7377
5898,7378
5899,7379
5900,7380
5901,7381
5902,7382
5903,7384
5904,7385
5905,7386
5906,7387
5907,7388
5908,7389
5909,7390
5910,7391
5911,7392
5912,7393
5913,7394
5914,7395
5915,7396
5916,7397
5917,7398
5918,7399
5919,7400
5920,7401
5921,7402
5922,7404
5923,7405
5924,7408
5925,7409
5926,7410
5927,7411
5928,7412
5929,7414
5930,7415
5931,7416
5932,7417
5933,7418
5934,7419
5935,7420
5936,7421
5937,7422
5938,7423
5939,7424
5940,7425
5941,7426
5942,7427
5943,7428
5944,7429
5945,7430
5946,7432
5947,7433
5948,7434
5949,7435
5950,7436
5951,7437
5952,7438
5953,7439
5954,7440
5955,7441
5956,7442
5957,7445
5958,7446
5959,7448
5960,7449
5961,7450
5962,7451
5963,7452
5964,7453
5965,7454
5966,7457
5967,7459
5968,7460
5969,7461
5970,7462
5971,7463
5972,7465
5973,7467
5974,7468
5975,7469
5976,7471
5977,7472
5978,7473
5979,7474
5980,7476
5981,7477
5982,7478
5983,7480
5984,7481
5985,7482
5986,7484
5987,7485
5988,7486
5989,7487
5990,7490
5991,7491
5992,7492
5993,7493
5994,7494
5995,7495
5996,7496
5997,7497
5998,7500
5999,7502
6000,7503
6001,7504
6002,7505
6003,7506
6004,7507
6005,7508
6006,7510
6007,7511
6008,7512
6009,7513
6010,7514
6011,7515
6012,7516
6013,7517
6014,7518
6015,7519
6016,7520
6017,7521
6018,7522
6019,7524
6020,7525
6021,7526
6022,7527
6023,7529
6024,7531
6025,7533
6026,7535
6027,7536
6028,7537
6029,7538
6030,7539
6031,7541
6032,7542
6033,7543
6034,7545
6035,7547
6036,7548
6037,7549
6038,7550
6039,7551
6040,7552
6041,7553
6042,7554
6043,7555
6044,7557
6045,7558
6046,7559
6047,7560
6048,7561
6049,7562
6050,7563
6051,7565
6052,7566
6053,7567
6054,7568
6055,7569
6056,7570
6057,7571
6058,7572
6059,7576
6060,7577
6061,7578
6062,7581
6063,7583
6064,7584
6065,7585
6066,7586
6067,7587
6068,7588
6069,7589
6070,7590
6071,7591
6072,7592
6073,7593
6074,7594
6075,7595
6076,7596
6077,7597
6078,7598
6079,7599
6080,7600
6081,7601
6082,7602
6083,7604
6084,7605
6085,7607
6086,7608
6087,7609
6088,7612
6089,7613
6090,7614
6091,7615
6092,7616
6093,7617
6094,7618
6095,7620
6096,7621
6097,7622
6098,7625
6099,7626
6100,7628
6101,7629
6102,7631
6103,7632
6104,7633
6105,7635
6106,7636
6107,7637
6108,7638
6109,7639
6110,7640
6111,7642
6112,7643
6113,7644
6114,7645
6115,7646
6116,7649
6117,7650
6118,7651
6119,7652
6120,7654
6121,7655
6122,7656
6123,7657
6124,7659
6125,7660
6126,7661
6127,7662
6128,7663
6129,7664
6130,7665
6131,7666
6132,7668
6133,7669
6134,7670
6135,7671
6136,7672
6137,7673
6138,7674
6139,7675
6140,7676
6141,7677
6142,7678
6143,7679
6144,7682
6145,7684
6146,7685
6147,7688
6148,7689
6149,7690
6150,7691
6151,7692
6152,7693
6153,7694
6154,7697
6155,7698
6156,7699
6157,7700
6158,7701
6159,7702
6160,7703
6161,7704
6162,7706
6163,7707
6164,7708
6165,7709
6166,7710
6167,7711
6168,7712
6169,7714
6170,7715
6171,7716
6172,7717
6173,7719
6174,7722
6175,7723
6176,7726
6177,7727
6178,7728
6179,7729
6180,7730
6181,7731
6182,7732
6183,7733
6184,7734
6185,7735
6186,7736
6187,7738
6188,7739
6189,7741
6190,7742
6191,7743
6192,7744
6193,7745
6194,7746
6195,7748
6196,7749
6197,7751
6198,7753
6199,7755
6200,7756
6201,7757
6202,7759
6203,7760
6204,7761
6205,7763
6206,7764
6207,7766
6208,7767
6209,7768
6210,7770
6211,7771
6212,7772
6213,7773
6214,7775
6215,7776
6216,7777
6217,7778
6218,7779
6219,7780
6220,7781
6221,7782
6222,7784
6223,7785
6224,7786
6225,7787
6226,7789
6227,7790
6228,7791
6229,7792
6230,7793
6231,7794
6232,7795
6233,7796
6234,7797
6235,7798
6236,7799
6237,7800
6238,7801
6239,7802
6240,7803
6241,7804
6242,7805
6243,7806
6244,7807
6245,7808
6246,7809
6247,7810
6248,7811
6249,7812
6250,7813
6251,7816
6252,7817
6253,7818
6254,7819
6255,7820
6256,7821
6257,7822
6258,7823
6259,7824
6260,7825
6261,7826
6262,7827
6263,7828
6264,7829
6265,7831
6266,7832
6267,7833
6268,7836
6269,7837
6270,7838
6271,7839
6272,7841
6273,7842
6274,7843
6275,7844
6276,7846
6277,7847
6278,7848
6279,7851
6280,7852
6281,7853
6282,7855
6283,7856
6284,7857
6285,7858
6286,7859
6287,7860
6288,7863
6289,7864
6290,7865
6291,7867
6292,7868
6293,7869
6294,7870
6295,7872
6296,7873
6297,7874
6298,7875
6299,7876
6300,7877
6301,7878
6302,7879
6303,7880
6304,7881
6305,7882
6306,7883
6307,7885
6308,7886
6309,7887
6310,7888
6311,7889
6312,7891
6313,7897
6314,7898
6315,7899
6316,7900
6317,7901
6318,7902
6319,7903
6320,7905
6321,7906
6322,7907
6323,7908
6324,7909
6325,7912
6326,7914
6327,7915
6328,7916
6329,7917
6330,7918
6331,7919
6332,7920
6333,7921
6334,7922
6335,7923
6336,7924
6337,7925
6338,7926
6339,7928
6340,7929
6341,7930
6342,7931
6343,7932
6344,7933
6345,7934
6346,7936
6347,7937
6348,7938
6349,7939
6350,7940
6351,7941
6352,7942
6353,7944
6354,7945
6355,7946
6356,7948
6357,7951
6358,7953
6359,7954
6360,7955
6361,7956
6362,7957
6363,7958
6364,7959
6365,7960
6366,7961
6367,7962
6368,7963
6369,7964
6370,7965
6371,7967
6372,7968
6373,7970
6374,7973
6375,7974
6376,7975
6377,7976
6378,7977
6379,7978
6380,7980
6381,7981
6382,7983
6383,7984
6384,7985
6385,7986
6386,7988
6387,7989
6388,7990
6389,7991
6390,7993
6391,7994
6392,7995
6393,7996
6394,7997
6395,7998
6396,8000
6397,8001
6398,8002
6399,8003
6400,8007
6401,8008
6402,8011
6403,8013
6404,8014
6405,8015
6406,8016
6407,8017
6408,8018
6409,8019
6410,8021
6411,8022
6412,8024
6413,8025
6414,8026
6415,8027
6416,8028
6417,8031
6418,8032
6419,8033
6420,8034
6421,8035
6422,8036
6423,8037
6424,8038
6425,8039
6426,8040
6427,8041
6428,8042
6429,8043
6430,8044
6431,8045
6432,8047
6433,8048
6434,8049
6435,8050
6436,8051
6437,8052
6438,8053
6439,8054
6440,8055
6441,8056
6442,8057
6443,8058
6444,8059
6445,8060
6446,8062
6447,8064
6448,8065
6449,8066
6450,8068
6451,8069
6452,8071
6453,8072
6454,8073
6455,8074
6456,8076
6457,8077
6458,8078
6459,8080
6460,8081
6461,8082
6462,8083
6463,8085
6464,8086
6465,8087
6466,8088
6467,8089
6468,8090
6469,8091
6470,8094
6471,8095
6472,8097
6473,8098
6474,8099
6475,8102
6476,8103
6477,8105
6478,8106
6479,8107
6480,8108
6481,8109
6482,8113
6483,8116
6484,8117
6485,8118
6486,8120
6487,8121
6488,8122
6489,8123
6490,8124
6491,8125
6492,8126
6493,8127
6494,8128
6495,8129
6496,8130
6497,8131
6498,8133
6499,8134
6500,8135
6501,8136
6502,8139
6503,8140
6504,8141
6505,8142
6506,8143
6507,8144
6508,8145
6509,8146
6510,8147
6511,8148
6512,8149
6513,8150
6514,8151
6515,8152
6516,8153
6517,8155
6518,8156
6519,8157
6520,8159
6521,8160
6522,8161
6523,8162
6524,8163
6525,8164
6526,8166
6527,8167
6528,8168
6529,8169
6530,8170
6531,8171
6532,8173
6533,8174
6534,8175
6535,8176
6536,8177
6537,8178
6538,8179
6539,8180
6540,8181
6541,8183
6542,8184
6543,8185
6544,8186
6545,8187
6546,8189
6547,8190
6548,8191
6549,8193
6550,8195
6551,8196
6552,8198
6553,8199
6554,8200
6555,8201
6556,8202
6557,8203
6558,8204
6559,8205
6560,8206
6561,8207
6562,8208
6563,8209
6564,8210
6565,8212
6566,8213
6567,8214
6568,8215
6569,8216
6570,8217
6571,8218
6572,8219
6573,8220
6574,8221
6575,8222
6576,8225
6577,8227
6578,8228
6579,8231
6580,8234
6581,8235
6582,8236
6583,8237
6584,8239
6585,8240
6586,8242
6587,8243
6588,8247
6589,8248
6590,8249
6591,8250
6592,8251
6593,8252
6594,8253
6595,8254
6596,8255
6597,8257
6598,8258
6599,8261
6600,8262
6601,8263
6602,8264
6603,8265
6604,8266
6605,8267
6606,8268
6607,8269
6608,8271
6609,8272
6610,8273
6611,8274
6612,8275
6613,8276
6614,8278
6615,8279
6616,8280
6617,8281
6618,8282
6619,8284
6620,8285
6621,8287
6622,8288
6623,8289
6624,8291
6625,8292
6626,8293
6627,8294
6628,8296
6629,8297
6630,8298
6631,8299
6632,8300
6633,8301
6634,8304
6635,8305
6636,8306
6637,8308
6638,8309
6639,8311
6640,8312
6641,8313
6642,8314
6643,8316
6644,8317
6645,8318
6646,8319
6647,8320
6648,8321
6649,8322
6650,8323
6651,8325
6652,8326
6653,8327
6654,8331
6655,8332
6656,8333
6657,8334
6658,8335
6659,8336
6660,8337
6661,8338
6662,8339
6663,8340
6664,8341
6665,8342
6666,8343
6667,8345
6668,8346
6669,8347
6670,8348
6671,8349
6672,8351
6673,8352
6674,8353
6675,8354
6676,8355
6677,8356
6678,8357
6679,8358
6680,8359
6681,8360
6682,8361
6683,8363
6684,8364
6685,8365
6686,8366
6687,8367
6688,8368
6689,8369
6690,8370
6691,8371
6692,8372
6693,8373
6694,8374
6695,8375
6696,8376
6697,8377
6698,8378
6699,8379
6700,8380
6701,8381
6702,8382
6703,8384
6704,8385
6705,8387
6706,8388
6707,8389
6708,8390
6709,8391
6710,8392
6711,8394
6712,8395
6713,8396
6714,8398
6715,8399
6716,8400
6717,8401
6718,8403
6719,8404
6720,8405
6721,8406
6722,8408
6723,8409
6724,8410
6725,8412
6726,8413
6727,8414
6728,8415
6729,8416
6730,8420
6731,8422
6732,8423
6733,8424
6734,8425
6735,8426
6736,8427
6737,8429
6738,8430
6739,8431
6740,8432
6741,8433
6742,8437
6743,8438
6744,8439
6745,8440
6746,8441
6747,8443
6748,8444
6749,8445
6750,8446
6751,8447
6752,8448
6753,8449
6754,8450
6755,8452
6756,8453
6757,8455
6758,8456
6759,8458
6760,8460
6761,8461
6762,8462
6763,8463
6764,8464
6765,8465
6766,8466
6767,8467
6768,8468
6769,8469
6770,8470
6771,8471
6772,8472
6773,8475
6774,8476
6775,8477
6776,8478
6777,8479
6778,8480
6779,8481
6780,8482
6781,8485
6782,8487
6783,8488
6784,8489
6785,8490
6786,8491
6787,8492
6788,8493
6789,8494
6790,8495
6791,8497
6792,8498
6793,8499
6794,8500
6795,8501
6796,8502
6797,8505
6798,8508
6799,8510
6800,8512
6801,8513
6802,8514
6803,8515
6804,8516
6805,8517
6806,8518
6807,8519
6808,8520
6809,8522
6810,8523
6811,8524
6812,8525
6813,8526
6814,8527
6815,8530
6816,8531
6817,8533
6818,8534
6819,8535
6820,8536
6821,8537
6822,8538
6823,8539
6824,8540
6825,8541
6826,8542
6827,8543
6828,8544
6829,8545
6830,8547
6831,8548
6832,8550
6833,8551
6834,8552
6835,8553
6836,8554
6837,8558
6838,8559
6839,8560
6840,8561
6841,8562
6842,8563
6843,8564
6844,8565
6845,8566
6846,8567
6847,8568
6848,8569
6849,8570
6850,8571
6851,8572
6852,8573
6853,8575
6854,8577
6855,8578
6856,8580
6857,8581
6858,8582
6859,8583
6860,8584
6861,8585
6862,8586
6863,8587
6864,8588
6865,8591
6866,8592
6867,8593
6868,8594
6869,8595
6870,8596
6871,8598
6872,8599
6873,8600
6874,8602
6875,8603
6876,8604
6877,8605
6878,8607
6879,8608
6880,8610
6881,8611
6882,8612
6883,8613
6884,8614
6885,8615
6886,8616
6887,8617
6888,8618
6889,8619
6890,8620
6891,8621
6892,8623
6893,8624
6894,8626
6895,8627
6896,8628
6897,8630
6898,8631
6899,8632
6900,8635
6901,8636
6902,8637
6903,8638
6904,8639
6905,8640
6906,8641
6907,8642
6908,8643
6909,8645
6910,8646
6911,8647
6912,8648
6913,8649
6914,8650
6915,8651
6916,8652
6917,8653
6918,8654
6919,8655
6920,8656
6921,8657
6922,8659
6923,8660
6924,8662
6925,8663
6926,8664
6927,8665
6928,8666
6929,8667
6930,8668
6931,8669
6932,8670
6933,8671
6934,8672
6935,8673
6936,8674
6937,8675
6938,8676
6939,8677
6940,8680
6941,8681
6942,8682
6943,8683
6944,8684
6945,8685
6946,8687
6947,8688
6948,8690
6949,8691
6950,8692
6951,8693
6952,8694
6953,8695
6954,8696
6955,8697
6956,8699
6957,8700
6958,8701
6959,8702
6960,8703
6961,8704
6962,8705
6963,8707
6964,8708
6965,8709
6966,8710
6967,8711
6968,8712
6969,8713
6970,8714
6971,8715
6972,8716
6973,8719
6974,8720
6975,8721
6976,8722
6977,8724
6978,8725
6979,8726
6980,8727
6981,8728
6982,8730
6983,8731
6984,8732
6985,8734
6986,8735
6987,8736
6988,8737
6989,8738
6990,8739
6991,8740
6992,8742
6993,8743
6994,8744
6995,8745
6996,8746
6997,8747
6998,8748
6999,8753
7000,8754
7001,8755
7002,8756
7003,8758
7004,8759
7005,8760
7006,8761
7007,8762
7008,8764
7009,8765
7010,8768
7011,8769
7012,8770
7013,8772
7014,8773
7015,8774
7016,8775
7017,8776
7018,8779
7019,8780
7020,8781
7021,8782
7022,8783
7023,8784
7024,8785
7025,8786
7026,8787
7027,8788
7028,8790
7029,8793
7030,8794
7031,8795
7032,8796
7033,8797
7034,8799
7035,8800
7036,8801
7037,8802
7038,8803
7039,8804
7040,8805
7041,8807
7042,8808
7043,8809
7044,8810
7045,8811
7046,8812
7047,8814
7048,8815
7049,8816
7050,8817
7051,8819
7052,8821
7053,8823
7054,8824
7055,8825
7056,8826
7057,8828
7058,8829
7059,8830
7060,8831
7061,8832
7062,8833
7063,8834
7064,8835
7065,8837
7066,8838
7067,8842
7068,8843
7069,8844
7070,8845
7071,8846
7072,8847
7073,8848
7074,8849
7075,8850
7076,8852
7077,8853
7078,8854
7079,8855
7080,8856
7081,8859
7082,8860
7083,8861
7084,8862
7085,8863
7086,8864
7087,8865
7088,8866
7089,8868
7090,8869
7091,8870
7092,8871
7093,8872
7094,8873
7095,8874
7096,8875
7097,8876
7098,8878
7099,8879
7100,8880
7101,8881
7102,8882
7103,8883
7104,8884
7105,8887
7106,8888
7107,8889
7108,8890
7109,8892
7110,8893
7111,8894
7112,8895
7113,8897
7114,8899
7115,8901
7116,8902
7117,8903
7118,8904
7119,8905
7120,8906
7121,8908
7122,8910
7123,8911
7124,8912
7125,8914
7126,8916
7127,8917
7128,8918
7129,8919
7130,8920
7131,8921
7132,8922
7133,8924
7134,8925
7135,8926
7136,8927
7137,8928
7138,8929
7139,8931
7140,8932
7141,8933
7142,8934
7143,8935
7144,8936
7145,8937
7146,8938
7147,8940
7148,8942
7149,8943
7150,8944
7151,8945
7152,8947
7153,8948
7154,8949
7155,8950
7156,8951
7157,8952
7158,8955
7159,8956
7160,8957
7161,8958
7162,8959
7163,8960
7164,8961
7165,8963
7166,8964
7167,8965
7168,8966
7169,8967
7170,8969
7171,8970
7172,8972
7173,8973
7174,8974
7175,8976
7176,8977
7177,8978
7178,8979
7179,8980
7180,8981
7181,8982
7182,8984
7183,8985
7184,8986
7185,8987
7186,8988
7187,8991
7188,8992
7189,8993
7190,8994
7191,8996
7192,8998
7193,8999
7194,9000
7195,9001
7196,9003
7197,9005
7198,9006
7199,9007
7200,9009
7201,9010
7202,9011
7203,9012
7204,9013
7205,9014
7206,9015
7207,9016
7208,9017
7209,9018
7210,9019
7211,9021
7212,9022
7213,9023
7214,9024
7215,9025
7216,9026
7217,9028
7218,9029
7219,9030
7220,9032
7221,9035
7222,9036
7223,9037
7224,9038
7225,9040
7226,9041
7227,9042
7228,9043
7229,9044
7230,9046
7231,9047
7232,9048
7233,9049
7234,9051
7235,9054
7236,9055
7237,9056
7238,9057
7239,9058
7240,9059
7241,9060
7242,9063
7243,9064
7244,9065
7245,9066
7246,9067
7247,9068
7248,9069
7249,9071
7250,9072
7251,9073
7252,9074
7253,9075
7254,9076
7255,9077
7256,9078
7257,9079
7258,9081
7259,9082
7260,9084
7261,9086
7262,9088
7263,9089
7264,9090
7265,9092
7266,9094
7267,9095
7268,9097
7269,9098
7270,9099
7271,9100
7272,9101
7273,9102
7274,9103
7275,9104
7276,9105
7277,9106
7278,9107
7279,9108
7280,9109
7281,9110
7282,9111
7283,9113
7284,9114
7285,9115
7286,9116
7287,9117
7288,9118
7289,9119
7290,9120
7291,9121
7292,9122
7293,9123
7294,9124
7295,9125
7296,9126
7297,9129
7298,9130
7299,9133
7300,9134
7301,9135
7302,9136
7303,9137
7304,9139
7305,9140
7306,9142
7307,9143
7308,9144
7309,9145
7310,9146
7311,9147
7312,9148
7313,9149
7314,9150
7315,9151
7316,9152
7317,9153
7318,9155
7319,9156
7320,9158
7321,9159
7322,9161
7323,9162
7324,9163
7325,9165
7326,9166
7327,9167
7328,9168
7329,9169
7330,9170
7331,9173
7332,9175
7333,9176
7334,9177
7335,9179
7336,9180
7337,9181
7338,9182
7339,9183
7340,9184
7341,9185
7342,9186
7343,9187
7344,9188
7345,9189
7346,9190
7347,9191
7348,9192
7349,9193
7350,9194
7351,9195
7352,9197
7353,9198
7354,9199
7355,9200
7356,9201
7357,9202
7358,9203
7359,9204
7360,9205
7361,9206
7362,9207
7363,9208
7364,9210
7365,9211
7366,9214
7367,9216
7368,9217
7369,9218
7370,9219
7371,9220
7372,9221
7373,9222
7374,9225
7375,9226
7376,9227
7377,9228
7378,9229
7379,9230
7380,9232
7381,9233
7382,9234
7383,9235
7384,9236
7385,9238
7386,9239
7387,9240
7388,9241
7389,9242
7390,9243
7391,9245
7392,9247
7393,9248
7394,9249
7395,9250
7396,9251
7397,9253
7398,9254
7399,9256
7400,9257
7401,9258
7402,9259
7403,9260
7404,9261
7405,9262
7406,9263
7407,9265
7408,9266
7409,9267
7410,9268
7411,9269
7412,9270
7413,9271
7414,9272
7415,9273
7416,9274
7417,9275
7418,9277
7419,9279
7420,9280
7421,9281
7422,9282
7423,9283
7424,9284
7425,9287
7426,9288
7427,9289
7428,9290
7429,9291
7430,9292
7431,9293
7432,9295
7433,9297
7434,9298
7435,9299
7436,9301
7437,9302
7438,9305
7439,9306
7440,9309
7441,9312
7442,9314
7443,9315
7444,9316
7445,9317
7446,9318
7447,9319
7448,9320
7449,9321
7450,9322
7451,9323
7452,9324
7453,9325
7454,9326
7455,9327
7456,9328
7457,9329
7458,9330
7459,9332
7460,9334
7461,9335
7462,9337
7463,9338
7464,9339
7465,9340
7466,9341
7467,9342
7468,9345
7469,9346
7470,9347
7471,9348
7472,9349
7473,9350
7474,9352
7475,9353
7476,9354
7477,9355
7478,9358
7479,9359
7480,9360
7481,9361
7482,9362
7483,9363
7484,9365
7485,9366
7486,9368
7487,9369
7488,9370
7489,9371
7490,9372
7491,9373
7492,9374
7493,9375
7494,9376
7495,9377
7496,9378
7497,9380
7498,9381
7499,9382
7500,9386
7501,9387
7502,9389
7503,9391
7504,9394
7505,9396
7506,9397
7507,9399
7508,9400
7509,9401
7510,9402
7511,9404
7512,9405
7513,9406
7514,9409
7515,9410
7516,9411
7517,9412
7518,9413
7519,9414
7520,9416
7521,9417
7522,9418
7523,9419
7524,9420
7525,9421
7526,9422
7527,9423
7528,9426
7529,9427
7530,9428
7531,9429
7532,9433
7533,9435
7534,9437
7535,9439
7536,9440
7537,9441
7538,9442
7539,9443
7540,9444
7541,9445
7542,9446
7543,9447
7544,9448
7545,9452
7546,9453
7547,9454
7548,9455
7549,9456
7550,9457
7551,9458
7552,9460
7553,9461
7554,9462
7555,9464
7556,9465
7557,9466
7558,9468
7559,9470
7560,9472
7561,9473
7562,9475
7563,9476
7564,9477
7565,9478
7566,9479
7567,9480
7568,9481
7569,9482
7570,9484
7571,9485
7572,9486
7573,9487
7574,9488
7575,9489
7576,9490
7577,9491
7578,9492
7579,9493
7580,9494
7581,9495
7582,9496
7583,9497
7584,9499
7585,9500
7586,9501
7587,9502
7588,9503
7589,9504
7590,9505
7591,9506
7592,9508
7593,9509
7594,9510
7595,9514
7596,9515
7597,9516
7598,9518
7599,9519
7600,9521
7601,9522
7602,9523
7603,9524
7604,9526
7605,9527
7606,9528
7607,9530
7608,9531
7609,9532
7610,9533
7611,9535
7612,9536
7613,9537
7614,9538
7615,9540
7616,9541
7617,9542
7618,9543
7619,9544
7620,9545
7621,9546
7622,9547
7623,9549
7624,9550
7625,9551
7626,9552
7627,9553
7628,9554
7629,9555
7630,9557
7631,9559
7632,9561
7633,9563
7634,9564
7635,9565
7636,9566
7637,9567
7638,9569
7639,9570
7640,9571
7641,9572
7642,9573
7643,9574
7644,9575
7645,9577
7646,9578
7647,9579
7648,9580
7649,9581
7650,9582
7651,9583
7652,9584
7653,9586
7654,9587
7655,9588
7656,9590
7657,9591
7658,9592
7659,9593
7660,9595
7661,9596
7662,9597
7663,9598
7664,9599
7665,9600
7666,9601
7667,9602
7668,9603
7669,9604
7670,9605
7671,9606
7672,9607
7673,9608
7674,9610
7675,9611
7676,9612
7677,9613
7678,9614
7679,9615
7680,9616
7681,9617
7682,9618
7683,9621
7684,9623
7685,9624
7686,9625
7687,9626
7688,9627
7689,9628
7690,9629
7691,9630
7692,9631
7693,9632
7694,9633
7695,9636
7696,9637
7697,9638
7698,9639
7699,9640
7700,9641
7701,9642
7702,9644
7703,9645
7704,9646
7705,9647
7706,9649
7707,9650
7708,9651
7709,9652
7710,9653
7711,9654
7712,9655
7713,9656
7714,9657
7715,9658
7716,9660
7717,9661
7718,9662
7719,9664
7720,9665
7721,9666
7722,9667
7723,9669
7724,9670
7725,9671
7726,9675
7727,9676
7728,9678
7729,9680
7730,9681
7731,9682
7732,9683
7733,9685
7734,9686
7735,9687
7736,9688
7737,9691
7738,9692
7739,9693
7740,9695
7741,9697
7742,9698
7743,9699
7744,9701
7745,9702
7746,9703
7747,9704
7748,9705
7749,9706
7750,9707
7751,9708
7752,9709
7753,9710
7754,9711
7755,9713
7756,9714
7757,9715
7758,9716
7759,9717
7760,9719
7761,9720
7762,9721
7763,9722
7764,9723
7765,9724
7766,9725
7767,9726
7768,9728
7769,9729
7770,9730
7771,9731
7772,9732
7773,9733
7774,9734
7775,9735
7776,9736
7777,9737
7778,9738
7779,9739
7780,9740
7781,9741
7782,9742
7783,9743
7784,9744
7785,9745
7786,9746
7787,9747
7788,9748
7789,9749
7790,9750
7791,9751
7792,9752
7793,9753
7794,9754
7795,9755
7796,9757
7797,9758
7798,9759
7799,9761
7800,9763
7801,9764
7802,9765
7803,9766
7804,9768
7805,9769
7806,9770
7807,9771
7808,9774
7809,9775
7810,9776
7811,9778
7812,9779
7813,9781
7814,9782
7815,9783
7816,9784
7817,9785
7818,9786
7819,9788
7820,9789
7821,9790
7822,9791
7823,9792
7824,9793
7825,9794
7826,9795
7827,9796
7828,9797
7829,9799
7830,9800
7831,9801
7832,9802
7833,9803
7834,9804
7835,9805
7836,9806
7837,9807
7838,9808
7839,9809
7840,9810
7841,9811
7842,9812
7843,9813
7844,9814
7845,9815
7846,9816
7847,9817
7848,9818
7849,9819
7850,9821
7851,9823
7852,9824
7853,9825
7854,9826
7855,9827
7856,9828
7857,9829
7858,9830
7859,9831
7860,9833
7861,9834
7862,9835
7863,9837
7864,9838
7865,9839
7866,9840
7867,9841
7868,9842
7869,9843
7870,9844
7871,9845
7872,9846
7873,9847
7874,9848
7875,9849
7876,9851
7877,9852
7878,9853
7879,9854
7880,9855
7881,9856
7882,9857
7883,9860
7884,9861
7885,9862
7886,9863
7887,9864
7888,9865
7889,9866
7890,9867
7891,9868
7892,9869
7893,9871
7894,9872
7895,9873
7896,9875
7897,9876
7898,9877
7899,9878
7900,9879
7901,9880
7902,9881
7903,9882
7904,9883
7905,9884
7906,9886
7907,9889
7908,9890
7909,9892
7910,9893
7911,9895
7912,9896
7913,9897
7914,9898
7915,9899
7916,9902
7917,9903
7918,9904
7919,9905
7920,9906
7921,9907
7922,9910
7923,9913
7924,9914
7925,9916
7926,9917
7927,9919
7928,9920
7929,9921
7930,9922
7931,9923
7932,9924
7933,9925
7934,9926
7935,9927
7936,9928
7937,9929
7938,9931
7939,9932
7940,9933
7941,9934
7942,9935
7943,9936
7944,9939
7945,9942
7946,9943
7947,9944
7948,9945
7949,9946
7950,9947
7951,9949
7952,9950
7953,9951
7954,9952
7955,9953
7956,9954
7957,9955
7958,9956
7959,9957
7960,9958
7961,9959
7962,9960
7963,9961
7964,9962
7965,9964
7966,9965
7967,9966
7968,9967
7969,9969
7970,9970
7971,9971
7972,9972
7973,9974
7974,9975
7975,9976
7976,9977
7977,9978
7978,9979
7979,9980
7980,9981
7981,9982
7982,9984
7983,9985
7984,9986
7985,9987
7986,9989
7987,9990
7988,9991
7989,9992
7990,9993
7991,9994
7992,9996
7993,9997
7994,9998
7995,9999
7996,10000
7997,10001
7998,10002
7999,10004
8000,10005
8001,10006
8002,10007
8003,10009
8004,10010
8005,10011
8006,10012
8007,10013
8008,10014
8009,10015
8010,10016
8011,10017
8012,10018
8013,10019
8014,10020
8015,10022
8016,10023
8017,10024
8018,10025
8019,10026
8020,10027
8021,10028
8022,10029
8023,10030
8024,10031
8025,10032
8026,10034
8027,10035
8028,10036
8029,10037
8030,10038
8031,10040
8032,10041
8033,10042
8034,10043
8035,10044
8036,10045
8037,10046
8038,10048
8039,10049
8040,10050
8041,10051
8042,10053
8043,10055
8044,10056
8045,10058
8046,10059
8047,10060
8048,10063
8049,10064
8050,10065
8051,10068
8052,10069
8053,10070
8054,10072
8055,10073
8056,10074
8057,10075
8058,10077
8059,10078
8060,10079
8061,10080
8062,10081
8063,10082
8064,10083
8065,10084
8066,10085
8067,10086
8068,10087
8069,10088
8070,10089
8071,10090
8072,10091
8073,10092
8074,10093
8075,10094
8076,10095
8077,10096
8078,10097
8079,10098
8080,10099
8081,10100
8082,10101
8083,10103
8084,10105
8085,10106
8086,10107
8087,10108
8088,10109
8089,10110
8090,10112
8091,10113
8092,10114
8093,10115
8094,10118
8095,10119
8096,10120
8097,10121
8098,10122
8099,10124
8100,10125
8101,10126
8102,10127
8103,10129
8104,10130
