,2077_3
0,0
1,1
2,2
3,4
4,5
5,6
6,7
7,8
8,11
9,12
10,13
11,14
12,16
13,17
14,18
15,20
16,21
17,22
18,23
19,24
20,25
21,26
22,27
23,28
24,29
25,30
26,32
27,34
28,35
29,37
30,39
31,40
32,41
33,42
34,43
35,44
36,46
37,47
38,48
39,49
40,50
41,51
42,53
43,54
44,56
45,57
46,59
47,60
48,61
49,62
50,63
51,64
52,65
53,66
54,68
55,69
56,71
57,73
58,74
59,75
60,76
61,77
62,78
63,79
64,80
65,81
66,83
67,84
68,85
69,86
70,87
71,89
72,90
73,91
74,92
75,93
76,94
77,95
78,96
79,98
80,100
81,101
82,102
83,103
84,104
85,105
86,107
87,108
88,109
89,111
90,112
91,114
92,115
93,116
94,117
95,118
96,119
97,122
98,123
99,124
100,125
101,126
102,127
103,129
104,131
105,132
106,133
107,134
108,135
109,136
110,137
111,139
112,140
113,142
114,143
115,144
116,145
117,147
118,148
119,149
120,150
121,151
122,153
123,155
124,156
125,157
126,158
127,159
128,160
129,161
130,162
131,163
132,165
133,166
134,167
135,169
136,170
137,171
138,172
139,173
140,174
141,176
142,177
143,179
144,180
145,181
146,182
147,183
148,184
149,186
150,188
151,189
152,190
153,192
154,194
155,195
156,196
157,197
158,199
159,200
160,201
161,202
162,203
163,205
164,207
165,208
166,209
167,210
168,211
169,212
170,213
171,214
172,215
173,216
174,217
175,219
176,220
177,222
178,223
179,224
180,226
181,227
182,228
183,229
184,230
185,231
186,232
187,235
188,236
189,237
190,238
191,239
192,240
193,242
194,243
195,244
196,245
197,247
198,248
199,249
200,250
201,252
202,253
203,254
204,255
205,256
206,257
207,258
208,259
209,260
210,261
211,262
212,264
213,265
214,266
215,267
216,268
217,270
218,272
219,273
220,274
221,275
222,278
223,279
224,280
225,281
226,283
227,284
228,286
229,287
230,288
231,289
232,290
233,291
234,292
235,293
236,294
237,295
238,296
239,297
240,298
241,300
242,301
243,302
244,304
245,305
246,307
247,310
248,311
249,312
250,313
251,315
252,316
253,317
254,318
255,319
256,320
257,322
258,323
259,324
260,325
261,328
262,329
263,330
264,331
265,332
266,333
267,334
268,335
269,336
270,338
271,339
272,340
273,341
274,342
275,343
276,344
277,345
278,346
279,349
280,351
281,352
282,353
283,354
284,356
285,357
286,358
287,359
288,360
289,362
290,363
291,364
292,365
293,366
294,367
295,368
296,371
297,372
298,373
299,375
300,377
301,378
302,379
303,380
304,381
305,382
306,383
307,384
308,385
309,386
310,387
311,388
312,390
313,391
314,394
315,395
316,397
317,399
318,400
319,401
320,402
321,403
322,404
323,405
324,406
325,408
326,410
327,413
328,414
329,416
330,418
331,419
332,420
333,421
334,422
335,424
336,425
337,427
338,428
339,429
340,430
341,432
342,433
343,434
344,435
345,438
346,439
347,440
348,442
349,443
350,444
351,447
352,449
353,450
354,451
355,452
356,453
357,454
358,455
359,456
360,457
361,458
362,459
363,461
364,462
365,463
366,465
367,467
368,470
369,471
370,472
371,473
372,475
373,476
374,477
375,478
376,479
377,482
378,483
379,486
380,488
381,489
382,490
383,492
384,493
385,495
386,496
387,497
388,498
389,499
390,500
391,501
392,503
393,504
394,505
395,506
396,507
397,508
398,509
399,511
400,512
401,513
402,514
403,516
404,517
405,518
406,519
407,520
408,521
409,524
410,525
411,527
412,530
413,531
414,532
415,533
416,534
417,536
418,537
419,538
420,540
421,541
422,542
423,543
424,545
425,546
426,547
427,548
428,549
429,550
430,551
431,552
432,555
433,556
434,557
435,558
436,559
437,560
438,561
439,562
440,563
441,564
442,565
443,566
444,567
445,568
446,569
447,570
448,572
449,573
450,574
451,575
452,576
453,577
454,579
455,580
456,581
457,582
458,585
459,586
460,587
461,588
462,589
463,590
464,591
465,592
466,593
467,594
468,595
469,597
470,599
471,600
472,601
473,602
474,603
475,604
476,605
477,607
478,608
479,609
480,610
481,611
482,612
483,613
484,614
485,615
486,617
487,618
488,619
489,620
490,621
491,622
492,623
493,624
494,627
495,629
496,630
497,631
498,632
499,633
500,634
501,635
502,636
503,638
504,639
505,641
506,642
507,643
508,644
509,645
510,646
511,647
512,648
513,649
514,650
515,651
516,652
517,654
518,655
519,656
520,657
521,658
522,659
523,660
524,661
525,662
526,663
527,664
528,665
529,666
530,667
531,668
532,669
533,670
534,673
535,674
536,675
537,676
538,677
539,678
540,679
541,681
542,683
543,685
544,686
545,687
546,688
547,689
548,690
549,691
550,693
551,694
552,695
553,696
554,698
555,699
556,701
557,702
558,703
559,706
560,707
561,708
562,709
563,711
564,712
565,713
566,714
567,715
568,716
569,718
570,719
571,720
572,721
573,722
574,723
575,724
576,725
577,726
578,728
579,729
580,730
581,731
582,732
583,734
584,735
585,736
586,737
587,738
588,739
589,740
590,741
591,742
592,743
593,744
594,746
595,747
596,748
597,750
598,752
599,754
600,756
601,757
602,759
603,762
604,763
605,764
606,766
607,767
608,768
609,769
610,770
611,771
612,772
613,773
614,775
615,776
616,777
617,778
618,780
619,781
620,782
621,783
622,784
623,785
624,786
625,788
626,790
627,791
628,792
629,795
630,797
631,798
632,799
633,800
634,801
635,802
636,803
637,805
638,806
639,807
640,808
641,809
642,810
643,811
644,812
645,813
646,814
647,815
648,816
649,817
650,818
651,820
652,821
653,823
654,825
655,826
656,828
657,829
658,832
659,833
660,834
661,835
662,836
663,837
664,839
665,840
666,843
667,844
668,845
669,847
670,848
671,850
672,851
673,852
674,853
675,854
676,855
677,856
678,857
679,858
680,859
681,860
682,861
683,862
684,863
685,864
686,865
687,866
688,867
689,868
690,869
691,870
692,871
693,872
694,873
695,874
696,875
697,876
698,877
699,878
700,879
701,880
702,882
703,883
704,884
705,885
706,886
707,887
708,888
709,889
710,891
711,892
712,893
713,895
714,896
715,897
716,898
717,899
718,900
719,902
720,903
721,904
722,905
723,906
724,907
725,908
726,910
727,911
728,912
729,913
730,914
731,915
732,916
733,917
734,918
735,919
736,921
737,922
738,923
739,924
740,925
741,926
742,927
743,929
744,930
745,931
746,932
747,933
748,934
749,935
750,936
751,937
752,938
753,939
754,940
755,941
756,943
757,944
758,945
759,946
760,947
761,949
762,951
763,952
764,953
765,954
766,955
767,957
768,958
769,959
770,960
771,961
772,962
773,963
774,964
775,965
776,966
777,967
778,969
779,970
780,971
781,973
782,975
783,976
784,977
785,979
786,981
787,982
788,983
789,984
790,985
791,986
792,987
793,988
794,989
795,990
796,992
797,993
798,995
799,996
800,997
801,998
802,999
803,1000
804,1001
805,1003
806,1004
807,1005
808,1006
809,1007
810,1008
811,1009
812,1010
813,1012
814,1018
815,1019
816,1020
817,1021
818,1022
819,1024
820,1026
821,1027
822,1028
823,1029
824,1030
825,1032
826,1033
827,1034
828,1035
829,1036
830,1039
831,1042
832,1043
833,1044
834,1045
835,1046
836,1047
837,1048
838,1050
839,1051
840,1052
841,1053
842,1054
843,1055
844,1056
845,1058
846,1060
847,1061
848,1062
849,1063
850,1064
851,1066
852,1067
853,1069
854,1070
855,1072
856,1073
857,1074
858,1075
859,1076
860,1077
861,1078
862,1079
863,1080
864,1081
865,1082
866,1083
867,1084
868,1085
869,1087
870,1088
871,1089
872,1090
873,1091
874,1093
875,1094
876,1095
877,1096
878,1097
879,1098
880,1099
881,1101
882,1102
883,1103
884,1105
885,1106
886,1107
887,1108
888,1110
889,1111
890,1112
891,1113
892,1114
893,1115
894,1116
895,1117
896,1118
897,1122
898,1123
899,1124
900,1125
901,1126
902,1127
903,1130
904,1131
905,1132
906,1133
907,1134
908,1135
909,1136
910,1137
911,1138
912,1139
913,1140
914,1141
915,1142
916,1143
917,1144
918,1148
919,1150
920,1151
921,1152
922,1154
923,1155
924,1156
925,1157
926,1159
927,1160
928,1161
929,1163
930,1165
931,1166
932,1168
933,1169
934,1170
935,1172
936,1173
937,1174
938,1176
939,1177
940,1178
941,1180
942,1183
943,1184
944,1185
945,1186
946,1187
947,1188
948,1190
949,1191
950,1193
951,1194
952,1195
953,1196
954,1197
955,1198
956,1199
957,1200
958,1201
959,1202
960,1203
961,1204
962,1205
963,1206
964,1207
965,1208
966,1210
967,1212
968,1213
969,1214
970,1216
971,1219
972,1220
973,1221
974,1222
975,1223
976,1224
977,1225
978,1226
979,1227
980,1228
981,1229
982,1230
983,1231
984,1232
985,1233
986,1234
987,1236
988,1237
989,1238
990,1240
991,1241
992,1242
993,1243
994,1244
995,1245
996,1248
997,1249
998,1250
999,1252
1000,1253
1001,1254
1002,1255
1003,1256
1004,1258
1005,1259
1006,1261
1007,1262
1008,1263
1009,1265
1010,1266
1011,1267
1012,1268
1013,1269
1014,1271
1015,1272
1016,1273
1017,1274
1018,1275
1019,1276
1020,1278
1021,1279
1022,1280
1023,1281
1024,1282
1025,1283
1026,1284
1027,1285
1028,1286
1029,1287
1030,1288
1031,1289
1032,1290
1033,1291
1034,1292
1035,1294
1036,1295
1037,1296
1038,1297
1039,1298
1040,1299
1041,1300
1042,1302
1043,1303
1044,1304
1045,1305
1046,1306
1047,1307
1048,1308
1049,1309
1050,1311
1051,1312
1052,1313
1053,1314
1054,1315
1055,1316
1056,1317
1057,1318
1058,1319
1059,1320
1060,1321
1061,1322
1062,1325
1063,1326
1064,1327
1065,1328
1066,1330
1067,1331
1068,1332
1069,1333
1070,1334
1071,1337
1072,1338
1073,1342
1074,1343
1075,1344
1076,1345
1077,1347
1078,1348
1079,1349
1080,1351
1081,1353
1082,1354
1083,1355
1084,1356
1085,1357
1086,1358
1087,1359
1088,1361
1089,1362
1090,1364
1091,1365
1092,1366
1093,1367
1094,1368
1095,1369
1096,1371
1097,1373
1098,1374
1099,1376
1100,1378
1101,1380
1102,1382
1103,1383
1104,1384
1105,1385
1106,1386
1107,1387
1108,1388
1109,1389
1110,1390
1111,1391
1112,1392
1113,1393
1114,1394
1115,1396
1116,1397
1117,1398
1118,1399
1119,1400
1120,1401
1121,1402
1122,1403
1123,1404
1124,1405
1125,1407
1126,1409
1127,1410
1128,1411
1129,1412
1130,1413
1131,1415
1132,1419
1133,1420
1134,1421
1135,1422
1136,1423
1137,1426
1138,1427
1139,1428
1140,1430
1141,1431
1142,1432
1143,1433
1144,1434
1145,1435
1146,1438
1147,1439
1148,1440
1149,1441
1150,1442
1151,1443
1152,1444
1153,1445
1154,1446
1155,1447
1156,1449
1157,1450
1158,1453
1159,1454
1160,1455
1161,1456
1162,1457
1163,1459
1164,1460
1165,1461
1166,1462
1167,1464
1168,1465
1169,1466
1170,1467
1171,1468
1172,1469
1173,1470
1174,1471
1175,1472
1176,1473
1177,1474
1178,1475
1179,1476
1180,1477
1181,1478
1182,1479
1183,1480
1184,1482
1185,1483
1186,1484
1187,1485
1188,1487
1189,1489
1190,1490
1191,1491
1192,1492
1193,1495
1194,1497
1195,1498
1196,1500
1197,1501
1198,1502
1199,1503
1200,1504
1201,1505
1202,1506
1203,1507
1204,1508
1205,1509
1206,1510
1207,1511
1208,1512
1209,1513
1210,1514
1211,1515
1212,1516
1213,1518
1214,1519
1215,1520
1216,1521
1217,1522
1218,1523
1219,1524
1220,1525
1221,1526
1222,1529
1223,1530
1224,1531
1225,1532
1226,1533
1227,1534
1228,1535
1229,1536
1230,1537
1231,1538
1232,1539
1233,1540
1234,1541
1235,1542
1236,1543
1237,1544
1238,1547
1239,1549
1240,1550
1241,1552
1242,1553
1243,1555
1244,1556
1245,1557
1246,1558
1247,1559
1248,1560
1249,1561
1250,1563
1251,1564
1252,1566
1253,1567
1254,1568
1255,1569
1256,1571
1257,1573
1258,1575
1259,1576
1260,1577
1261,1578
1262,1579
1263,1580
1264,1584
1265,1585
1266,1587
1267,1589
1268,1590
1269,1594
1270,1595
1271,1596
1272,1597
1273,1598
1274,1600
1275,1601
1276,1602
1277,1603
1278,1604
1279,1605
1280,1606
1281,1607
1282,1609
1283,1611
1284,1612
1285,1613
1286,1615
1287,1617
1288,1618
1289,1619
1290,1620
1291,1621
1292,1623
1293,1624
1294,1625
1295,1626
1296,1627
1297,1628
1298,1629
1299,1630
1300,1631
1301,1632
1302,1634
1303,1635
1304,1636
1305,1637
1306,1640
1307,1641
1308,1642
1309,1643
1310,1644
1311,1645
1312,1646
1313,1647
1314,1648
1315,1651
1316,1653
1317,1654
1318,1656
1319,1657
1320,1658
1321,1659
1322,1661
1323,1663
1324,1665
1325,1666
1326,1667
1327,1668
1328,1669
1329,1670
1330,1671
1331,1672
1332,1674
1333,1675
1334,1676
1335,1677
1336,1678
1337,1679
1338,1680
1339,1682
1340,1683
1341,1684
1342,1686
1343,1687
1344,1688
1345,1689
1346,1690
1347,1692
1348,1693
1349,1694
1350,1697
1351,1698
1352,1699
1353,1700
1354,1702
1355,1704
1356,1705
1357,1707
1358,1708
1359,1709
1360,1710
1361,1711
1362,1713
1363,1714
1364,1715
1365,1717
1366,1718
1367,1719
1368,1720
1369,1721
1370,1722
1371,1723
1372,1724
1373,1725
1374,1726
1375,1727
1376,1728
1377,1729
1378,1730
1379,1731
1380,1732
1381,1733
1382,1734
1383,1735
1384,1736
1385,1737
1386,1738
1387,1739
1388,1740
1389,1741
1390,1743
1391,1746
1392,1747
1393,1748
1394,1749
1395,1750
1396,1751
1397,1752
1398,1754
1399,1755
1400,1756
1401,1757
1402,1758
1403,1759
1404,1760
1405,1761
1406,1762
1407,1763
1408,1764
1409,1765
1410,1766
1411,1767
1412,1768
1413,1769
1414,1770
1415,1771
1416,1773
1417,1774
1418,1775
1419,1776
1420,1777
1421,1778
1422,1779
1423,1780
1424,1781
1425,1782
1426,1783
1427,1784
1428,1785
1429,1786
1430,1787
1431,1788
1432,1789
1433,1790
1434,1793
1435,1795
1436,1796
1437,1797
1438,1798
1439,1800
1440,1801
1441,1802
1442,1803
1443,1804
1444,1808
1445,1809
1446,1810
1447,1811
1448,1812
1449,1813
1450,1814
1451,1815
1452,1817
1453,1818
1454,1819
1455,1820
1456,1822
1457,1823
1458,1824
1459,1825
1460,1826
1461,1827
1462,1828
1463,1829
1464,1830
1465,1831
1466,1832
1467,1833
1468,1834
1469,1837
1470,1838
1471,1839
1472,1841
1473,1842
1474,1843
1475,1844
1476,1845
1477,1846
1478,1847
1479,1848
1480,1849
1481,1850
1482,1852
1483,1853
1484,1854
1485,1855
1486,1856
1487,1857
1488,1858
1489,1859
1490,1860
1491,1861
1492,1862
1493,1864
1494,1866
1495,1867
1496,1868
1497,1869
1498,1873
1499,1874
1500,1875
1501,1876
1502,1877
1503,1879
1504,1880
1505,1881
1506,1883
1507,1884
1508,1885
1509,1888
1510,1891
1511,1892
1512,1893
1513,1894
1514,1896
1515,1897
1516,1898
1517,1899
1518,1900
1519,1901
1520,1902
1521,1903
1522,1904
1523,1905
1524,1906
1525,1908
1526,1910
1527,1911
1528,1912
1529,1913
1530,1914
1531,1915
1532,1916
1533,1917
1534,1919
1535,1920
1536,1921
1537,1923
1538,1924
1539,1925
1540,1927
1541,1928
1542,1929
1543,1931
1544,1932
1545,1933
1546,1935
1547,1937
1548,1941
1549,1942
1550,1944
1551,1945
1552,1946
1553,1948
1554,1949
1555,1950
1556,1952
1557,1953
1558,1955
1559,1956
1560,1957
1561,1958
1562,1959
1563,1960
1564,1961
1565,1962
1566,1963
1567,1964
1568,1965
1569,1966
1570,1967
1571,1969
1572,1971
1573,1972
1574,1973
1575,1974
1576,1975
1577,1976
1578,1977
1579,1978
1580,1979
1581,1980
1582,1981
1583,1982
1584,1983
1585,1984
1586,1986
1587,1988
1588,1989
1589,1990
1590,1991
1591,1992
1592,1993
1593,1995
1594,1996
1595,1997
1596,1998
1597,1999
1598,2000
1599,2001
1600,2002
1601,2003
1602,2004
1603,2005
1604,2006
1605,2007
1606,2008
1607,2009
1608,2010
1609,2011
1610,2012
1611,2013
1612,2014
1613,2015
1614,2016
1615,2017
1616,2020
1617,2022
1618,2023
1619,2024
1620,2025
1621,2026
1622,2027
1623,2028
1624,2029
1625,2030
1626,2031
1627,2033
1628,2034
1629,2035
1630,2037
1631,2038
1632,2039
1633,2040
1634,2041
1635,2042
1636,2043
1637,2044
1638,2045
1639,2046
1640,2048
1641,2050
1642,2051
1643,2052
1644,2053
1645,2055
1646,2056
1647,2058
1648,2059
1649,2060
1650,2061
1651,2064
1652,2065
1653,2069
1654,2070
1655,2071
1656,2073
1657,2074
1658,2075
1659,2076
1660,2077
1661,2078
1662,2079
1663,2080
1664,2081
1665,2082
1666,2084
1667,2086
1668,2087
1669,2088
1670,2089
1671,2091
1672,2092
1673,2093
1674,2094
1675,2095
1676,2096
1677,2097
1678,2098
1679,2099
1680,2100
1681,2101
1682,2102
1683,2103
1684,2105
1685,2108
1686,2109
1687,2110
1688,2111
1689,2112
1690,2113
1691,2114
1692,2115
1693,2116
1694,2117
1695,2118
1696,2119
1697,2122
1698,2123
1699,2124
1700,2125
1701,2126
1702,2128
1703,2129
1704,2131
1705,2132
1706,2133
1707,2134
1708,2135
1709,2136
1710,2138
1711,2139
1712,2140
1713,2141
1714,2142
1715,2143
1716,2144
1717,2145
1718,2147
1719,2148
1720,2149
1721,2150
1722,2151
1723,2152
1724,2153
1725,2154
1726,2155
1727,2156
1728,2157
1729,2158
1730,2159
1731,2160
1732,2162
1733,2163
1734,2166
1735,2167
1736,2168
1737,2169
1738,2170
1739,2171
1740,2173
1741,2174
1742,2175
1743,2176
1744,2178
1745,2179
1746,2180
1747,2182
1748,2183
1749,2186
1750,2187
1751,2189
1752,2190
1753,2191
1754,2193
1755,2194
1756,2195
1757,2196
1758,2198
1759,2199
1760,2200
1761,2201
1762,2203
1763,2204
1764,2205
1765,2206
1766,2207
1767,2208
1768,2210
1769,2211
1770,2213
1771,2214
1772,2215
1773,2216
1774,2218
1775,2219
1776,2220
1777,2221
1778,2222
1779,2224
1780,2225
1781,2227
1782,2228
1783,2229
1784,2230
1785,2231
1786,2232
1787,2233
1788,2234
1789,2237
1790,2238
1791,2239
1792,2241
1793,2242
1794,2244
1795,2245
1796,2246
1797,2247
1798,2248
1799,2249
1800,2250
1801,2251
1802,2252
1803,2253
1804,2254
1805,2255
1806,2258
1807,2260
1808,2261
1809,2262
1810,2263
1811,2264
1812,2265
1813,2266
1814,2268
1815,2271
1816,2272
1817,2273
1818,2274
1819,2276
1820,2277
1821,2278
1822,2279
1823,2280
1824,2281
1825,2282
1826,2283
1827,2284
1828,2285
1829,2286
1830,2289
1831,2291
1832,2292
1833,2293
1834,2294
1835,2295
1836,2296
1837,2297
1838,2298
1839,2299
1840,2300
1841,2301
1842,2302
1843,2303
1844,2304
1845,2305
1846,2306
1847,2309
1848,2311
1849,2312
1850,2313
1851,2314
1852,2316
1853,2317
1854,2318
1855,2319
1856,2320
1857,2322
1858,2323
1859,2324
1860,2326
1861,2328
1862,2329
1863,2330
1864,2331
1865,2332
1866,2333
1867,2334
1868,2335
1869,2337
1870,2339
1871,2340
1872,2341
1873,2342
1874,2343
1875,2344
1876,2345
1877,2347
1878,2348
1879,2349
1880,2350
1881,2351
1882,2352
1883,2353
1884,2354
1885,2355
1886,2357
1887,2358
1888,2360
1889,2361
1890,2362
1891,2363
1892,2364
1893,2365
1894,2366
1895,2369
1896,2370
1897,2371
1898,2372
1899,2373
1900,2374
1901,2376
1902,2377
1903,2378
1904,2379
1905,2380
1906,2381
1907,2383
1908,2385
1909,2386
1910,2387
1911,2389
1912,2390
1913,2391
1914,2392
1915,2393
1916,2394
1917,2395
1918,2398
1919,2400
1920,2401
1921,2402
1922,2403
1923,2405
1924,2406
1925,2408
1926,2409
1927,2411
1928,2412
1929,2413
1930,2414
1931,2415
1932,2416
1933,2417
1934,2418
1935,2419
1936,2421
1937,2422
1938,2423
1939,2424
1940,2425
1941,2426
1942,2427
1943,2428
1944,2429
1945,2430
1946,2432
1947,2433
1948,2434
1949,2435
1950,2436
1951,2437
1952,2438
1953,2439
1954,2440
1955,2443
1956,2444
1957,2445
1958,2448
1959,2449
1960,2450
1961,2451
1962,2452
1963,2454
1964,2455
1965,2456
1966,2458
1967,2459
1968,2460
1969,2461
1970,2462
1971,2463
1972,2464
1973,2465
1974,2466
1975,2467
1976,2468
1977,2469
1978,2470
1979,2471
1980,2473
1981,2474
1982,2475
1983,2476
1984,2477
1985,2479
1986,2480
1987,2483
1988,2484
1989,2485
1990,2486
1991,2487
1992,2488
1993,2489
1994,2491
1995,2492
1996,2493
1997,2494
1998,2495
1999,2496
2000,2497
2001,2498
2002,2499
2003,2500
2004,2501
2005,2503
2006,2504
2007,2505
2008,2506
2009,2507
2010,2508
2011,2509
2012,2510
2013,2512
2014,2513
2015,2514
2016,2515
2017,2517
2018,2518
2019,2520
2020,2523
2021,2524
2022,2525
2023,2526
2024,2527
2025,2528
2026,2530
2027,2531
2028,2532
2029,2533
2030,2537
2031,2538
2032,2539
2033,2541
2034,2542
2035,2543
2036,2544
2037,2545
2038,2547
2039,2548
2040,2549
2041,2550
2042,2552
2043,2554
2044,2555
2045,2557
2046,2558
2047,2559
2048,2560
2049,2562
2050,2563
2051,2564
2052,2565
2053,2566
2054,2567
2055,2568
2056,2569
2057,2570
2058,2572
2059,2573
2060,2574
2061,2576
2062,2577
2063,2578
2064,2579
2065,2580
2066,2581
2067,2583
2068,2585
2069,2586
2070,2588
2071,2590
2072,2591
2073,2592
2074,2593
2075,2594
2076,2595
2077,2596
2078,2597
2079,2599
2080,2601
2081,2602
2082,2603
2083,2604
2084,2605
2085,2607
2086,2608
2087,2609
2088,2610
2089,2611
2090,2612
2091,2614
2092,2616
2093,2617
2094,2618
2095,2619
2096,2620
2097,2621
2098,2622
2099,2623
2100,2624
2101,2625
2102,2626
2103,2627
2104,2629
2105,2631
2106,2632
2107,2634
2108,2635
2109,2636
2110,2639
2111,2640
2112,2642
2113,2643
2114,2645
2115,2646
2116,2647
2117,2648
2118,2649
2119,2650
2120,2651
2121,2652
2122,2653
2123,2654
2124,2655
2125,2656
2126,2657
2127,2659
2128,2660
2129,2661
2130,2663
2131,2665
2132,2666
2133,2667
2134,2668
2135,2669
2136,2672
2137,2674
2138,2675
2139,2678
2140,2679
2141,2680
2142,2681
2143,2682
2144,2684
2145,2685
2146,2686
2147,2687
2148,2688
2149,2689
2150,2690
2151,2691
2152,2692
2153,2693
2154,2694
2155,2696
2156,2697
2157,2698
2158,2699
2159,2700
2160,2701
2161,2703
2162,2704
2163,2706
2164,2708
2165,2709
2166,2710
2167,2712
2168,2714
2169,2715
2170,2716
2171,2718
2172,2719
2173,2720
2174,2721
2175,2722
2176,2723
2177,2724
2178,2725
2179,2726
2180,2727
2181,2728
2182,2729
2183,2730
2184,2731
2185,2732
2186,2733
2187,2734
2188,2735
2189,2736
2190,2738
2191,2739
2192,2740
2193,2741
2194,2742
2195,2743
2196,2745
2197,2747
2198,2748
2199,2749
2200,2751
2201,2752
2202,2753
2203,2754
2204,2755
2205,2756
2206,2757
2207,2758
2208,2760
2209,2761
2210,2762
2211,2763
2212,2764
2213,2765
2214,2767
2215,2768
2216,2770
2217,2772
2218,2774
2219,2776
2220,2777
2221,2778
2222,2779
2223,2780
2224,2781
2225,2782
2226,2783
2227,2784
2228,2785
2229,2787
2230,2788
2231,2789
2232,2790
2233,2793
2234,2794
2235,2795
2236,2796
2237,2797
2238,2798
2239,2799
2240,2800
2241,2801
2242,2802
2243,2803
2244,2805
2245,2806
2246,2807
2247,2808
2248,2810
2249,2811
2250,2813
2251,2814
2252,2815
2253,2816
2254,2817
2255,2819
2256,2820
2257,2821
2258,2823
2259,2824
2260,2825
2261,2826
2262,2828
2263,2829
2264,2830
2265,2832
2266,2833
2267,2834
2268,2835
2269,2837
2270,2838
2271,2839
2272,2840
2273,2841
2274,2842
2275,2843
2276,2845
2277,2846
2278,2847
2279,2848
2280,2849
2281,2851
2282,2852
2283,2853
2284,2854
2285,2855
2286,2856
2287,2857
2288,2858
2289,2861
2290,2862
2291,2863
2292,2865
2293,2866
2294,2867
2295,2868
2296,2870
2297,2871
2298,2872
2299,2873
2300,2874
2301,2876
2302,2878
2303,2879
2304,2880
2305,2881
2306,2882
2307,2883
2308,2884
2309,2885
2310,2886
2311,2888
2312,2889
2313,2890
2314,2891
2315,2892
2316,2895
2317,2896
2318,2897
2319,2898
2320,2899
2321,2900
2322,2903
2323,2904
2324,2905
2325,2906
2326,2908
2327,2909
2328,2911
2329,2912
2330,2913
2331,2914
2332,2915
2333,2916
2334,2917
2335,2918
2336,2920
2337,2921
2338,2923
2339,2924
2340,2925
2341,2926
2342,2927
2343,2928
2344,2931
2345,2932
2346,2933
2347,2934
2348,2935
2349,2936
2350,2938
2351,2939
2352,2940
2353,2941
2354,2942
2355,2943
2356,2944
2357,2947
2358,2948
2359,2950
2360,2951
2361,2952
2362,2953
2363,2954
2364,2955
2365,2957
2366,2958
2367,2960
2368,2961
2369,2962
2370,2963
2371,2964
2372,2965
2373,2966
2374,2967
2375,2970
2376,2971
2377,2972
2378,2973
2379,2975
2380,2977
2381,2978
2382,2979
2383,2980
2384,2981
2385,2982
2386,2983
2387,2984
2388,2985
2389,2986
2390,2987
2391,2988
2392,2989
2393,2991
2394,2992
2395,2994
2396,2995
2397,2996
2398,2997
2399,2998
2400,2999
2401,3000
2402,3001
2403,3003
2404,3005
2405,3006
2406,3008
2407,3009
2408,3010
2409,3011
2410,3012
2411,3013
2412,3014
2413,3015
2414,3017
2415,3018
2416,3019
2417,3020
2418,3021
2419,3023
2420,3024
2421,3027
2422,3028
2423,3030
2424,3031
2425,3032
2426,3033
2427,3034
2428,3035
2429,3036
2430,3038
2431,3040
2432,3041
2433,3042
2434,3043
2435,3044
2436,3045
2437,3046
2438,3048
2439,3049
2440,3050
2441,3052
2442,3053
2443,3054
2444,3055
2445,3056
2446,3059
2447,3060
2448,3061
2449,3062
2450,3063
2451,3064
2452,3065
2453,3066
2454,3067
2455,3068
2456,3069
2457,3071
2458,3072
2459,3073
2460,3076
2461,3077
2462,3078
2463,3079
2464,3082
2465,3083
2466,3084
2467,3085
2468,3086
2469,3087
2470,3090
2471,3091
2472,3092
2473,3093
2474,3094
2475,3095
2476,3096
2477,3097
2478,3099
2479,3101
2480,3102
2481,3103
2482,3104
2483,3106
2484,3107
2485,3108
2486,3109
2487,3110
2488,3111
2489,3114
2490,3115
2491,3116
2492,3117
2493,3119
2494,3120
2495,3121
2496,3122
2497,3123
2498,3125
2499,3127
2500,3128
2501,3129
2502,3131
2503,3132
2504,3133
2505,3134
2506,3135
2507,3136
2508,3138
2509,3139
2510,3140
2511,3141
2512,3142
2513,3143
2514,3144
2515,3145
2516,3146
2517,3147
2518,3148
2519,3149
2520,3150
2521,3151
2522,3152
2523,3154
2524,3155
2525,3156
2526,3157
2527,3158
2528,3160
2529,3161
2530,3162
2531,3163
2532,3165
2533,3166
2534,3168
2535,3169
2536,3170
2537,3172
2538,3173
2539,3174
2540,3177
2541,3178
2542,3179
2543,3180
2544,3181
2545,3182
2546,3183
2547,3184
2548,3185
2549,3187
2550,3188
2551,3189
2552,3190
2553,3191
2554,3193
2555,3194
2556,3195
2557,3196
2558,3198
2559,3199
2560,3200
2561,3202
2562,3203
2563,3204
2564,3205
2565,3206
2566,3207
2567,3208
2568,3210
2569,3212
2570,3213
2571,3214
2572,3216
2573,3217
2574,3219
2575,3220
2576,3221
2577,3223
2578,3224
2579,3225
2580,3226
2581,3227
2582,3228
2583,3229
2584,3230
2585,3231
2586,3233
2587,3235
2588,3236
2589,3237
2590,3238
2591,3239
2592,3240
2593,3242
2594,3243
2595,3244
2596,3245
2597,3246
2598,3247
2599,3249
2600,3250
2601,3251
2602,3253
2603,3254
2604,3255
2605,3257
2606,3258
2607,3259
2608,3260
2609,3262
2610,3263
2611,3264
2612,3265
2613,3266
2614,3267
2615,3268
2616,3269
2617,3271
2618,3273
2619,3275
2620,3277
2621,3278
2622,3279
2623,3280
2624,3281
2625,3282
2626,3283
2627,3285
2628,3286
2629,3287
2630,3288
2631,3289
2632,3290
2633,3291
2634,3292
2635,3294
2636,3295
2637,3296
2638,3297
2639,3298
2640,3299
2641,3300
2642,3301
2643,3304
2644,3305
2645,3306
2646,3308
2647,3309
2648,3310
2649,3311
2650,3313
2651,3314
2652,3316
2653,3318
2654,3319
2655,3320
2656,3321
2657,3322
2658,3323
2659,3324
2660,3325
2661,3326
2662,3328
2663,3329
2664,3330
2665,3331
2666,3332
2667,3334
2668,3336
2669,3337
2670,3338
2671,3339
2672,3340
2673,3341
2674,3342
2675,3344
2676,3345
2677,3346
2678,3347
2679,3349
2680,3351
2681,3352
2682,3353
2683,3354
2684,3356
2685,3357
2686,3358
2687,3360
2688,3361
2689,3362
2690,3363
2691,3364
2692,3365
2693,3366
2694,3367
2695,3368
2696,3369
2697,3372
2698,3373
2699,3375
2700,3376
2701,3377
2702,3378
2703,3379
2704,3380
2705,3381
2706,3382
2707,3383
2708,3384
2709,3385
2710,3387
2711,3390
2712,3391
2713,3392
2714,3393
2715,3395
2716,3396
2717,3397
2718,3398
2719,3399
2720,3400
2721,3402
2722,3403
2723,3404
2724,3405
2725,3407
2726,3408
2727,3409
2728,3410
2729,3411
2730,3413
2731,3414
2732,3416
2733,3418
2734,3419
2735,3420
2736,3421
2737,3422
2738,3423
2739,3424
2740,3425
2741,3426
2742,3427
2743,3429
2744,3430
2745,3433
2746,3434
2747,3435
2748,3436
2749,3437
2750,3438
2751,3439
2752,3442
2753,3443
2754,3444
2755,3445
2756,3446
2757,3447
2758,3448
2759,3449
2760,3450
2761,3451
2762,3452
2763,3455
2764,3456
2765,3457
2766,3459
2767,3460
2768,3461
2769,3462
2770,3463
2771,3464
2772,3466
2773,3467
2774,3468
2775,3469
2776,3470
2777,3472
2778,3474
2779,3475
2780,3476
2781,3478
2782,3479
2783,3480
2784,3481
2785,3482
2786,3483
2787,3485
2788,3486
2789,3487
2790,3490
2791,3491
2792,3493
2793,3494
2794,3495
2795,3496
2796,3497
2797,3498
2798,3499
2799,3500
2800,3501
2801,3502
2802,3503
2803,3504
2804,3506
2805,3508
2806,3509
2807,3510
2808,3511
2809,3512
2810,3513
2811,3514
2812,3515
2813,3516
2814,3517
2815,3519
2816,3520
2817,3522
2818,3523
2819,3524
2820,3526
2821,3528
2822,3529
2823,3530
2824,3531
2825,3532
2826,3534
2827,3535
2828,3536
2829,3537
2830,3538
2831,3539
2832,3541
2833,3542
2834,3543
2835,3544
2836,3545
2837,3546
2838,3547
2839,3548
2840,3550
2841,3551
2842,3552
2843,3553
2844,3554
2845,3555
2846,3556
2847,3557
2848,3558
2849,3560
2850,3561
2851,3562
2852,3563
2853,3564
2854,3565
2855,3566
2856,3568
2857,3570
2858,3571
2859,3572
2860,3574
2861,3575
2862,3576
2863,3577
2864,3579
2865,3580
2866,3582
2867,3583
2868,3584
2869,3585
2870,3586
2871,3588
2872,3589
2873,3592
2874,3593
2875,3594
2876,3595
2877,3596
2878,3597
2879,3598
2880,3599
2881,3600
2882,3601
2883,3602
2884,3603
2885,3604
2886,3605
2887,3606
2888,3607
2889,3609
2890,3610
2891,3611
2892,3612
2893,3613
2894,3615
2895,3617
2896,3619
2897,3620
2898,3622
2899,3625
2900,3626
2901,3627
2902,3628
2903,3630
2904,3631
2905,3632
2906,3633
2907,3634
2908,3635
2909,3636
2910,3637
2911,3638
2912,3639
2913,3640
2914,3641
2915,3643
2916,3647
2917,3648
2918,3649
2919,3650
2920,3651
2921,3652
2922,3653
2923,3654
2924,3656
2925,3657
2926,3658
2927,3659
2928,3661
2929,3662
2930,3663
2931,3665
2932,3666
2933,3667
2934,3668
2935,3669
2936,3670
2937,3672
2938,3673
2939,3674
2940,3676
2941,3677
2942,3678
2943,3679
2944,3680
2945,3684
2946,3685
2947,3686
2948,3687
2949,3688
2950,3689
2951,3690
2952,3691
2953,3692
2954,3693
2955,3695
2956,3696
2957,3697
2958,3698
2959,3699
2960,3700
2961,3701
2962,3703
2963,3704
2964,3706
2965,3707
2966,3708
2967,3709
2968,3710
2969,3711
2970,3712
2971,3713
2972,3714
2973,3715
2974,3716
2975,3718
2976,3719
2977,3721
2978,3723
2979,3724
2980,3725
2981,3726
2982,3727
2983,3729
2984,3730
2985,3732
2986,3733
2987,3734
2988,3735
2989,3736
2990,3737
2991,3738
2992,3740
2993,3741
2994,3742
2995,3744
2996,3745
2997,3747
2998,3748
2999,3750
3000,3752
3001,3753
3002,3754
3003,3755
3004,3756
3005,3757
3006,3758
3007,3759
3008,3760
3009,3762
3010,3763
3011,3764
3012,3765
3013,3766
3014,3768
3015,3769
3016,3770
3017,3771
3018,3773
3019,3774
3020,3775
3021,3776
3022,3778
3023,3780
3024,3781
3025,3782
3026,3784
3027,3785
3028,3786
3029,3787
3030,3788
3031,3789
3032,3790
3033,3791
3034,3793
3035,3794
3036,3796
3037,3797
3038,3798
3039,3799
3040,3800
3041,3802
3042,3803
3043,3804
3044,3805
3045,3808
3046,3809
3047,3810
3048,3812
3049,3813
3050,3814
3051,3815
3052,3817
3053,3818
3054,3819
3055,3820
3056,3821
3057,3822
3058,3823
3059,3824
3060,3825
3061,3826
3062,3827
3063,3828
3064,3831
3065,3832
3066,3833
3067,3835
3068,3836
3069,3837
3070,3838
3071,3839
3072,3841
3073,3842
3074,3843
3075,3844
3076,3845
3077,3846
3078,3847
3079,3848
3080,3850
3081,3852
3082,3854
3083,3855
3084,3856
3085,3857
3086,3858
3087,3860
3088,3861
3089,3862
3090,3863
3091,3864
3092,3865
3093,3866
3094,3868
3095,3870
3096,3871
3097,3873
3098,3874
3099,3875
3100,3878
3101,3879
3102,3880
3103,3881
3104,3882
3105,3883
3106,3884
3107,3885
3108,3886
3109,3887
3110,3888
3111,3889
3112,3890
3113,3892
3114,3894
3115,3895
3116,3897
3117,3899
3118,3900
3119,3901
3120,3902
3121,3903
3122,3904
3123,3905
3124,3906
3125,3907
3126,3908
3127,3909
3128,3910
3129,3911
3130,3912
3131,3913
3132,3915
3133,3917
3134,3918
3135,3919
3136,3920
3137,3921
3138,3923
3139,3924
3140,3925
3141,3927
3142,3929
3143,3930
3144,3931
3145,3932
3146,3934
3147,3936
3148,3937
3149,3938
3150,3939
3151,3940
3152,3941
3153,3942
3154,3944
3155,3945
3156,3946
3157,3947
3158,3948
3159,3949
3160,3950
3161,3951
3162,3953
3163,3954
3164,3955
3165,3957
3166,3959
3167,3960
3168,3961
3169,3962
3170,3963
3171,3964
3172,3965
3173,3966
3174,3967
3175,3968
3176,3970
3177,3971
3178,3972
3179,3973
3180,3974
3181,3977
3182,3979
3183,3980
3184,3981
3185,3982
3186,3983
3187,3984
3188,3985
3189,3986
3190,3988
3191,3989
3192,3990
3193,3992
3194,3993
3195,3994
3196,3995
3197,3996
3198,3997
3199,3998
3200,3999
3201,4001
3202,4002
3203,4003
3204,4005
3205,4006
3206,4008
3207,4009
3208,4011
3209,4012
3210,4013
3211,4014
3212,4015
3213,4016
3214,4018
3215,4020
3216,4021
3217,4022
3218,4023
3219,4025
3220,4026
3221,4027
3222,4028
3223,4029
3224,4030
3225,4032
3226,4034
3227,4035
3228,4036
3229,4037
3230,4038
3231,4039
3232,4040
3233,4042
3234,4043
3235,4044
3236,4045
3237,4046
3238,4047
3239,4049
3240,4050
3241,4052
3242,4053
3243,4054
3244,4055
3245,4057
3246,4059
3247,4060
3248,4061
3249,4062
3250,4063
3251,4064
3252,4065
3253,4066
3254,4068
3255,4069
3256,4072
3257,4073
3258,4074
3259,4075
3260,4076
3261,4077
3262,4078
3263,4079
3264,4080
3265,4082
3266,4083
3267,4085
3268,4086
3269,4089
3270,4090
3271,4092
3272,4094
3273,4095
3274,4096
3275,4097
3276,4098
3277,4099
3278,4100
3279,4101
3280,4102
3281,4103
3282,4104
3283,4107
3284,4108
3285,4109
3286,4110
3287,4111
3288,4112
3289,4113
3290,4114
3291,4115
3292,4116
3293,4118
3294,4119
3295,4121
3296,4122
3297,4123
3298,4124
3299,4125
3300,4126
3301,4127
3302,4128
3303,4129
3304,4131
3305,4132
3306,4133
3307,4135
3308,4136
3309,4137
3310,4138
3311,4139
3312,4140
3313,4141
3314,4144
3315,4145
3316,4146
3317,4147
3318,4148
3319,4149
3320,4150
3321,4151
3322,4152
3323,4153
3324,4155
3325,4156
3326,4157
3327,4158
3328,4159
3329,4160
3330,4163
3331,4165
3332,4166
3333,4167
3334,4168
3335,4169
3336,4170
3337,4171
3338,4172
3339,4174
3340,4175
3341,4176
3342,4177
3343,4178
3344,4179
3345,4180
3346,4181
3347,4184
3348,4185
3349,4187
3350,4188
3351,4190
3352,4191
3353,4192
3354,4193
3355,4194
3356,4195
3357,4196
3358,4197
3359,4199
3360,4201
3361,4202
3362,4203
3363,4204
3364,4205
3365,4206
3366,4208
3367,4210
3368,4211
3369,4212
3370,4213
3371,4214
3372,4215
3373,4216
3374,4217
3375,4218
3376,4219
3377,4220
3378,4221
3379,4222
3380,4223
3381,4225
3382,4226
3383,4227
3384,4228
3385,4229
3386,4230
3387,4232
3388,4233
3389,4234
3390,4235
3391,4236
3392,4237
3393,4238
3394,4239
3395,4240
3396,4241
3397,4242
3398,4244
3399,4246
3400,4247
3401,4248
3402,4249
3403,4250
3404,4251
3405,4256
3406,4257
3407,4259
3408,4260
3409,4261
3410,4262
3411,4263
3412,4264
3413,4266
3414,4267
3415,4268
3416,4269
3417,4271
3418,4272
3419,4273
3420,4274
3421,4276
3422,4277
3423,4278
3424,4280
3425,4281
3426,4283
3427,4285
3428,4286
3429,4287
3430,4288
3431,4289
3432,4290
3433,4291
3434,4292
3435,4293
3436,4294
3437,4296
3438,4298
3439,4299
3440,4300
3441,4301
3442,4302
3443,4303
3444,4304
3445,4306
3446,4307
3447,4308
3448,4309
3449,4310
3450,4311
3451,4312
3452,4313
3453,4314
3454,4315
3455,4316
3456,4318
3457,4319
3458,4321
3459,4323
3460,4325
3461,4326
3462,4327
3463,4328
3464,4330
3465,4331
3466,4332
3467,4334
3468,4335
3469,4336
3470,4339
3471,4340
3472,4341
3473,4342
3474,4344
3475,4345
3476,4346
3477,4347
3478,4349
3479,4350
3480,4351
3481,4352
3482,4353
3483,4354
3484,4355
3485,4356
3486,4357
3487,4358
3488,4359
3489,4360
3490,4362
3491,4364
3492,4366
3493,4367
3494,4368
3495,4369
3496,4370
3497,4371
3498,4372
3499,4373
3500,4374
3501,4375
3502,4376
3503,4377
3504,4378
3505,4379
3506,4381
3507,4382
3508,4383
3509,4384
3510,4385
3511,4386
3512,4387
3513,4388
3514,4389
3515,4393
3516,4394
3517,4395
3518,4396
3519,4398
3520,4400
3521,4401
3522,4402
3523,4404
3524,4405
3525,4407
3526,4408
3527,4409
3528,4410
3529,4411
3530,4412
3531,4413
3532,4415
3533,4416
3534,4417
3535,4420
3536,4421
3537,4422
3538,4423
3539,4424
3540,4425
3541,4426
3542,4427
3543,4429
3544,4430
3545,4431
3546,4432
3547,4433
3548,4434
3549,4436
3550,4438
3551,4439
3552,4440
3553,4441
3554,4442
3555,4443
3556,4444
3557,4446
3558,4447
3559,4448
3560,4449
3561,4450
3562,4453
3563,4454
3564,4455
3565,4456
3566,4458
3567,4459
3568,4460
3569,4461
3570,4462
3571,4463
3572,4464
3573,4466
3574,4467
3575,4469
3576,4470
3577,4472
3578,4473
3579,4474
3580,4475
3581,4476
3582,4478
3583,4480
3584,4481
3585,4482
3586,4483
3587,4484
3588,4485
3589,4486
3590,4487
3591,4489
3592,4490
3593,4492
3594,4493
3595,4494
3596,4496
3597,4497
3598,4498
3599,4500
3600,4501
3601,4502
3602,4503
3603,4504
3604,4505
3605,4507
3606,4508
3607,4509
3608,4511
3609,4513
3610,4514
3611,4515
3612,4516
3613,4517
3614,4519
3615,4520
3616,4521
3617,4522
3618,4523
3619,4524
3620,4525
3621,4526
3622,4527
3623,4528
3624,4530
3625,4531
3626,4532
3627,4533
3628,4535
3629,4536
3630,4538
3631,4539
3632,4540
3633,4541
3634,4543
3635,4544
3636,4545
3637,4548
3638,4549
3639,4550
3640,4551
3641,4553
3642,4554
3643,4555
3644,4556
3645,4557
3646,4558
3647,4559
3648,4560
3649,4561
3650,4562
3651,4563
3652,4564
3653,4565
3654,4566
3655,4567
3656,4568
3657,4569
3658,4571
3659,4572
3660,4574
3661,4575
3662,4578
3663,4579
3664,4580
3665,4581
3666,4582
3667,4583
3668,4584
3669,4585
3670,4587
3671,4588
3672,4590
3673,4592
3674,4593
3675,4594
3676,4595
3677,4596
3678,4597
3679,4598
3680,4599
3681,4600
3682,4602
3683,4605
3684,4606
3685,4607
3686,4608
3687,4609
3688,4610
3689,4611
3690,4613
3691,4614
3692,4615
3693,4616
3694,4617
3695,4619
3696,4620
3697,4621
3698,4622
3699,4623
3700,4624
3701,4625
3702,4626
3703,4627
3704,4628
3705,4630
3706,4631
3707,4633
3708,4634
3709,4635
3710,4637
3711,4639
3712,4640
3713,4641
3714,4642
3715,4643
3716,4645
3717,4646
3718,4647
3719,4650
3720,4652
3721,4653
3722,4654
3723,4655
3724,4656
3725,4657
3726,4658
3727,4659
3728,4660
3729,4662
3730,4663
3731,4664
3732,4665
3733,4667
3734,4668
3735,4669
3736,4670
3737,4671
3738,4672
3739,4674
3740,4675
3741,4677
3742,4678
3743,4679
3744,4681
3745,4682
3746,4684
3747,4685
3748,4686
3749,4687
3750,4688
3751,4689
3752,4690
3753,4691
3754,4693
3755,4694
3756,4695
3757,4696
3758,4698
3759,4699
3760,4700
3761,4701
3762,4703
3763,4704
3764,4705
3765,4707
3766,4708
3767,4709
3768,4710
3769,4711
3770,4712
3771,4713
3772,4714
3773,4715
3774,4716
3775,4717
3776,4718
3777,4719
3778,4720
3779,4721
3780,4722
3781,4723
3782,4724
3783,4725
3784,4726
3785,4728
3786,4729
3787,4730
3788,4731
3789,4732
3790,4733
3791,4735
3792,4736
3793,4737
3794,4738
3795,4739
3796,4740
3797,4741
3798,4742
3799,4744
3800,4745
3801,4746
3802,4747
3803,4749
3804,4750
3805,4751
3806,4753
3807,4754
3808,4758
3809,4759
3810,4760
3811,4761
3812,4762
3813,4763
3814,4764
3815,4766
3816,4769
3817,4770
3818,4771
3819,4772
3820,4773
3821,4774
3822,4777
3823,4778
3824,4779
3825,4780
3826,4781
3827,4782
3828,4784
3829,4785
3830,4787
3831,4789
3832,4791
3833,4792
3834,4793
3835,4794
3836,4795
3837,4796
3838,4797
3839,4798
3840,4799
3841,4801
3842,4802
3843,4805
3844,4806
3845,4807
3846,4808
3847,4810
3848,4812
3849,4814
3850,4815
3851,4816
3852,4817
3853,4818
3854,4819
3855,4820
3856,4821
3857,4822
3858,4823
3859,4825
3860,4826
3861,4827
3862,4829
3863,4830
3864,4831
3865,4832
3866,4834
3867,4835
3868,4836
3869,4837
3870,4838
3871,4840
3872,4841
3873,4842
3874,4843
3875,4845
3876,4847
3877,4848
3878,4849
3879,4850
3880,4853
3881,4854
3882,4855
3883,4856
3884,4857
3885,4859
3886,4860
3887,4861
3888,4862
3889,4863
3890,4864
3891,4865
3892,4866
3893,4867
3894,4868
3895,4869
3896,4870
3897,4872
3898,4873
3899,4874
3900,4875
3901,4876
3902,4877
3903,4878
3904,4879
3905,4880
3906,4882
3907,4884
3908,4885
3909,4886
3910,4887
3911,4888
3912,4890
3913,4891
3914,4893
3915,4894
3916,4895
3917,4896
3918,4898
3919,4899
3920,4900
3921,4901
3922,4902
3923,4904
3924,4905
3925,4906
3926,4907
3927,4908
3928,4910
3929,4912
3930,4913
3931,4915
3932,4916
3933,4917
3934,4918
3935,4919
3936,4920
3937,4921
3938,4923
3939,4924
3940,4925
3941,4928
3942,4929
3943,4930
3944,4931
3945,4932
3946,4933
3947,4935
3948,4936
3949,4937
3950,4939
3951,4942
3952,4943
3953,4944
3954,4945
3955,4946
3956,4947
3957,4948
3958,4949
3959,4950
3960,4951
3961,4952
3962,4953
3963,4954
3964,4955
3965,4958
3966,4959
3967,4961
3968,4962
3969,4963
3970,4965
3971,4966
3972,4967
3973,4968
3974,4969
3975,4970
3976,4971
3977,4972
3978,4973
3979,4974
3980,4976
3981,4977
3982,4978
3983,4979
3984,4980
3985,4981
3986,4982
3987,4983
3988,4985
3989,4986
3990,4987
3991,4988
3992,4990
3993,4991
3994,4992
3995,4994
3996,4996
3997,4997
3998,4998
3999,4999
4000,5000
4001,5001
4002,5002
4003,5003
4004,5004
4005,5006
4006,5007
4007,5008
4008,5009
4009,5010
4010,5011
4011,5012
4012,5014
4013,5015
4014,5016
4015,5019
4016,5020
4017,5021
4018,5022
4019,5023
4020,5024
4021,5025
4022,5028
4023,5029
4024,5030
4025,5032
4026,5033
4027,5035
4028,5036
4029,5037
4030,5038
4031,5039
4032,5041
4033,5042
4034,5043
4035,5044
4036,5045
4037,5046
4038,5047
4039,5049
4040,5050
4041,5051
4042,5052
4043,5054
4044,5056
4045,5057
4046,5058
4047,5059
4048,5060
4049,5061
4050,5062
4051,5063
4052,5064
4053,5065
4054,5066
4055,5067
4056,5070
4057,5072
4058,5073
4059,5074
4060,5075
4061,5076
4062,5077
4063,5078
4064,5080
4065,5081
4066,5082
4067,5084
4068,5085
4069,5087
4070,5089
4071,5090
4072,5094
4073,5095
4074,5096
4075,5097
4076,5098
4077,5099
4078,5100
4079,5101
4080,5102
4081,5103
4082,5104
4083,5105
4084,5106
4085,5107
4086,5108
4087,5109
4088,5111
4089,5113
4090,5115
4091,5117
4092,5118
4093,5119
4094,5120
4095,5122
4096,5123
4097,5124
4098,5125
4099,5126
4100,5127
4101,5128
4102,5129
4103,5130
4104,5131
4105,5132
4106,5133
4107,5134
4108,5135
4109,5136
4110,5137
4111,5138
4112,5139
4113,5140
4114,5141
4115,5142
4116,5143
4117,5144
4118,5145
4119,5146
4120,5147
4121,5149
4122,5150
4123,5151
4124,5153
4125,5154
4126,5157
4127,5158
4128,5159
4129,5161
4130,5162
4131,5163
4132,5164
4133,5167
4134,5168
4135,5169
4136,5170
4137,5171
4138,5172
4139,5173
4140,5174
4141,5175
4142,5176
4143,5177
4144,5178
4145,5179
4146,5180
4147,5181
4148,5182
4149,5184
4150,5185
4151,5186
4152,5187
4153,5188
4154,5190
4155,5191
4156,5193
4157,5195
4158,5196
4159,5198
4160,5199
4161,5200
4162,5201
4163,5202
4164,5203
4165,5204
4166,5205
4167,5207
4168,5209
4169,5210
4170,5211
4171,5212
4172,5213
4173,5215
4174,5216
4175,5218
4176,5219
4177,5220
4178,5222
4179,5224
4180,5225
4181,5227
4182,5228
4183,5229
4184,5232
4185,5233
4186,5234
4187,5236
4188,5237
4189,5238
4190,5240
4191,5242
4192,5243
4193,5244
4194,5245
4195,5247
4196,5248
4197,5249
4198,5250
4199,5251
4200,5252
4201,5253
4202,5254
4203,5255
4204,5256
4205,5257
4206,5258
4207,5260
4208,5261
4209,5262
4210,5263
4211,5264
4212,5265
4213,5266
4214,5268
4215,5269
4216,5270
4217,5271
4218,5272
4219,5273
4220,5275
4221,5277
4222,5278
4223,5279
4224,5280
4225,5281
4226,5282
4227,5283
4228,5285
4229,5286
4230,5288
4231,5289
4232,5290
4233,5291
4234,5292
4235,5293
4236,5295
4237,5296
4238,5298
4239,5299
4240,5300
4241,5301
4242,5302
4243,5303
4244,5304
4245,5306
4246,5307
4247,5310
4248,5311
4249,5313
4250,5314
4251,5315
4252,5316
4253,5317
4254,5318
4255,5319
4256,5321
4257,5322
4258,5323
4259,5324
4260,5326
4261,5327
4262,5329
4263,5330
4264,5331
4265,5332
4266,5333
4267,5334
4268,5335
4269,5337
4270,5338
4271,5339
4272,5340
4273,5341
4274,5342
4275,5344
4276,5345
4277,5346
4278,5348
4279,5349
4280,5353
4281,5355
4282,5356
4283,5357
4284,5358
4285,5359
4286,5361
4287,5363
4288,5364
4289,5365
4290,5366
4291,5367
4292,5368
4293,5369
4294,5370
4295,5371
4296,5372
4297,5373
4298,5374
4299,5375
4300,5376
4301,5377
4302,5378
4303,5379
4304,5380
4305,5381
4306,5382
4307,5383
4308,5384
4309,5385
4310,5387
4311,5389
4312,5390
4313,5392
4314,5393
4315,5394
4316,5395
4317,5397
4318,5398
4319,5399
4320,5401
4321,5402
4322,5403
4323,5404
4324,5405
4325,5406
4326,5408
4327,5409
4328,5411
4329,5412
4330,5413
4331,5416
4332,5417
4333,5418
4334,5419
4335,5420
4336,5421
4337,5422
4338,5423
4339,5424
4340,5425
4341,5426
4342,5427
4343,5429
4344,5430
4345,5431
4346,5432
4347,5433
4348,5434
4349,5435
4350,5436
4351,5440
4352,5441
4353,5442
4354,5444
4355,5446
4356,5447
4357,5448
4358,5449
4359,5450
4360,5451
4361,5452
4362,5454
4363,5455
4364,5456
4365,5457
4366,5458
4367,5459
4368,5460
4369,5461
4370,5463
4371,5465
4372,5466
4373,5467
4374,5468
4375,5469
4376,5470
4377,5471
4378,5472
4379,5473
4380,5474
4381,5475
4382,5477
4383,5478
4384,5479
4385,5480
4386,5481
4387,5482
4388,5484
4389,5487
4390,5488
4391,5490
4392,5491
4393,5493
4394,5494
4395,5495
4396,5496
4397,5497
4398,5498
4399,5499
4400,5500
4401,5502
4402,5503
4403,5504
4404,5505
4405,5507
4406,5508
4407,5509
4408,5510
4409,5511
4410,5512
4411,5513
4412,5514
4413,5516
4414,5518
4415,5519
4416,5520
4417,5521
4418,5522
4419,5523
4420,5524
4421,5526
4422,5527
4423,5528
4424,5529
4425,5530
4426,5531
4427,5533
4428,5534
4429,5536
4430,5538
4431,5540
4432,5542
4433,5543
4434,5544
4435,5545
4436,5546
4437,5547
4438,5548
4439,5549
4440,5550
4441,5552
4442,5553
4443,5554
4444,5555
4445,5556
4446,5557
4447,5558
4448,5559
4449,5560
4450,5561
4451,5563
4452,5564
4453,5565
4454,5566
4455,5568
4456,5570
4457,5571
4458,5572
4459,5573
4460,5574
4461,5576
4462,5577
4463,5579
4464,5580
4465,5582
4466,5583
4467,5584
4468,5585
4469,5587
4470,5588
4471,5589
4472,5590
4473,5592
4474,5593
4475,5594
4476,5596
4477,5597
4478,5598
4479,5599
4480,5600
4481,5601
4482,5602
4483,5603
4484,5604
4485,5605
4486,5606
4487,5607
4488,5608
4489,5609
4490,5610
4491,5611
4492,5612
4493,5613
4494,5615
4495,5616
4496,5617
4497,5620
4498,5622
4499,5623
4500,5625
4501,5626
4502,5627
4503,5628
4504,5630
4505,5632
4506,5633
4507,5634
4508,5635
4509,5637
4510,5638
4511,5639
4512,5640
4513,5642
4514,5643
4515,5644
4516,5645
4517,5646
4518,5647
4519,5648
4520,5650
4521,5655
4522,5656
4523,5657
4524,5658
4525,5659
4526,5660
4527,5661
4528,5662
4529,5663
4530,5664
4531,5666
4532,5667
4533,5668
4534,5670
4535,5671
4536,5672
4537,5673
4538,5674
4539,5676
4540,5677
4541,5678
4542,5679
4543,5680
4544,5681
4545,5682
4546,5684
4547,5685
4548,5686
4549,5687
4550,5688
4551,5690
4552,5691
4553,5692
4554,5694
4555,5695
4556,5696
4557,5697
4558,5698
4559,5700
4560,5701
4561,5702
4562,5703
4563,5704
4564,5705
4565,5706
4566,5707
4567,5708
4568,5709
4569,5710
4570,5713
4571,5714
4572,5715
4573,5718
4574,5719
4575,5720
4576,5721
4577,5722
4578,5723
4579,5724
4580,5725
4581,5726
4582,5727
4583,5728
4584,5729
4585,5730
4586,5731
4587,5733
4588,5734
4589,5735
4590,5737
4591,5738
4592,5739
4593,5741
4594,5743
4595,5744
4596,5745
4597,5746
4598,5747
4599,5748
4600,5749
4601,5750
4602,5751
4603,5752
4604,5753
4605,5757
4606,5758
4607,5759
4608,5761
4609,5762
4610,5763
4611,5765
4612,5766
4613,5767
4614,5768
4615,5769
4616,5770
4617,5771
4618,5772
4619,5773
4620,5774
4621,5775
4622,5776
4623,5777
4624,5778
4625,5779
4626,5781
4627,5782
4628,5783
4629,5784
4630,5786
4631,5787
4632,5790
4633,5791
4634,5792
4635,5794
4636,5796
4637,5797
4638,5798
4639,5799
4640,5800
4641,5801
4642,5802
4643,5803
4644,5804
4645,5805
4646,5806
4647,5808
4648,5809
4649,5810
4650,5811
4651,5814
4652,5816
4653,5817
4654,5819
4655,5820
4656,5821
4657,5822
4658,5823
4659,5825
4660,5826
4661,5827
4662,5828
4663,5829
4664,5830
4665,5831
4666,5833
4667,5834
4668,5835
4669,5837
4670,5838
4671,5839
4672,5840
4673,5841
4674,5843
4675,5844
4676,5845
4677,5846
4678,5847
4679,5848
4680,5849
4681,5851
4682,5852
4683,5853
4684,5854
4685,5856
4686,5857
4687,5859
4688,5860
4689,5861
4690,5863
4691,5864
4692,5865
4693,5866
4694,5867
4695,5868
4696,5869
4697,5871
4698,5872
4699,5873
4700,5874
4701,5875
4702,5876
4703,5877
4704,5879
4705,5880
4706,5882
4707,5883
4708,5884
4709,5886
4710,5887
4711,5888
4712,5889
4713,5890
4714,5891
4715,5892
4716,5894
4717,5896
4718,5897
4719,5898
4720,5899
4721,5900
4722,5901
4723,5902
4724,5903
4725,5904
4726,5905
4727,5907
4728,5909
4729,5911
4730,5912
4731,5913
4732,5914
4733,5915
4734,5916
4735,5919
4736,5920
4737,5921
4738,5922
4739,5924
4740,5926
4741,5927
4742,5928
4743,5930
4744,5931
4745,5932
4746,5933
4747,5934
4748,5935
4749,5936
4750,5937
4751,5938
4752,5939
4753,5940
4754,5941
4755,5944
4756,5945
4757,5947
4758,5948
4759,5949
4760,5950
4761,5951
4762,5953
4763,5954
4764,5955
4765,5957
4766,5960
4767,5961
4768,5962
4769,5963
4770,5964
4771,5965
4772,5967
4773,5968
4774,5969
4775,5970
4776,5971
4777,5972
4778,5973
4779,5974
4780,5976
4781,5977
4782,5978
4783,5980
4784,5981
4785,5982
4786,5983
4787,5984
4788,5986
4789,5988
4790,5989
4791,5991
4792,5992
4793,5993
4794,5994
4795,5995
4796,5996
4797,5997
4798,5998
4799,5999
4800,6000
4801,6001
4802,6002
4803,6003
4804,6004
4805,6005
4806,6006
4807,6007
4808,6010
4809,6011
4810,6012
4811,6013
4812,6014
4813,6016
4814,6017
4815,6018
4816,6019
4817,6020
4818,6021
4819,6022
4820,6023
4821,6024
4822,6025
4823,6026
4824,6027
4825,6028
4826,6029
4827,6031
4828,6032
4829,6033
4830,6034
4831,6035
4832,6036
4833,6037
4834,6038
4835,6039
4836,6043
4837,6044
4838,6045
4839,6046
4840,6047
4841,6049
4842,6050
4843,6051
4844,6053
4845,6054
4846,6055
4847,6059
4848,6061
4849,6062
4850,6063
4851,6064
4852,6065
4853,6067
4854,6068
4855,6069
4856,6070
4857,6071
4858,6073
4859,6075
4860,6076
4861,6077
4862,6079
4863,6080
4864,6081
4865,6082
4866,6084
4867,6087
4868,6088
4869,6089
4870,6090
4871,6091
4872,6092
4873,6093
4874,6094
4875,6096
4876,6097
4877,6098
4878,6099
4879,6102
4880,6103
4881,6106
4882,6108
4883,6109
4884,6110
4885,6111
4886,6112
4887,6113
4888,6114
4889,6115
4890,6116
4891,6117
4892,6118
4893,6119
4894,6120
4895,6122
4896,6123
4897,6124
4898,6125
4899,6126
4900,6127
4901,6128
4902,6129
4903,6130
4904,6131
4905,6132
4906,6133
4907,6134
4908,6135
4909,6136
4910,6137
4911,6138
4912,6139
4913,6140
4914,6143
4915,6144
4916,6145
4917,6146
4918,6147
4919,6148
4920,6150
4921,6152
4922,6153
4923,6154
4924,6155
4925,6156
4926,6157
4927,6158
4928,6163
4929,6164
4930,6166
4931,6167
4932,6168
4933,6169
4934,6170
4935,6171
4936,6172
4937,6173
4938,6175
4939,6177
4940,6178
4941,6179
4942,6180
4943,6181
4944,6182
4945,6183
4946,6184
4947,6185
4948,6186
4949,6187
4950,6188
4951,6189
4952,6190
4953,6191
4954,6192
4955,6193
4956,6195
4957,6196
4958,6197
4959,6199
4960,6200
4961,6201
4962,6203
4963,6204
4964,6205
4965,6206
4966,6207
4967,6209
4968,6210
4969,6211
4970,6212
4971,6213
4972,6214
4973,6215
4974,6216
4975,6218
4976,6219
4977,6221
4978,6223
4979,6224
4980,6225
4981,6226
4982,6227
4983,6230
4984,6231
4985,6232
4986,6233
4987,6234
4988,6235
4989,6236
4990,6238
4991,6239
4992,6240
4993,6241
4994,6243
4995,6244
4996,6245
4997,6246
4998,6248
4999,6249
5000,6250
5001,6251
5002,6252
5003,6254
5004,6255
5005,6256
5006,6258
5007,6259
5008,6260
5009,6261
5010,6263
5011,6264
5012,6265
5013,6266
5014,6267
5015,6268
5016,6269
5017,6270
5018,6273
5019,6274
5020,6276
5021,6277
5022,6278
5023,6279
5024,6281
5025,6282
5026,6283
5027,6284
5028,6285
5029,6286
5030,6289
5031,6290
5032,6291
5033,6292
5034,6293
5035,6294
5036,6295
5037,6297
5038,6298
5039,6299
5040,6300
5041,6301
5042,6302
5043,6303
5044,6305
5045,6306
5046,6307
5047,6308
5048,6309
5049,6310
5050,6312
5051,6313
5052,6315
5053,6317
5054,6318
5055,6319
5056,6321
5057,6322
5058,6323
5059,6324
5060,6325
5061,6326
5062,6327
5063,6328
5064,6329
5065,6330
5066,6331
5067,6332
5068,6333
5069,6335
5070,6336
5071,6337
5072,6338
5073,6339
5074,6340
5075,6343
5076,6344
5077,6345
5078,6346
5079,6347
5080,6348
5081,6349
5082,6350
5083,6352
5084,6355
5085,6356
5086,6357
5087,6358
5088,6360
5089,6361
5090,6362
5091,6364
5092,6366
5093,6370
5094,6371
5095,6372
5096,6373
5097,6374
5098,6375
5099,6376
5100,6377
5101,6378
5102,6379
5103,6380
5104,6381
5105,6383
5106,6384
5107,6385
5108,6386
5109,6387
5110,6388
5111,6390
5112,6392
5113,6393
5114,6395
5115,6396
5116,6397
5117,6398
5118,6399
5119,6400
5120,6401
5121,6402
5122,6403
5123,6404
5124,6405
5125,6406
5126,6409
5127,6410
5128,6411
5129,6412
5130,6413
5131,6414
5132,6415
5133,6416
5134,6418
5135,6420
5136,6421
5137,6422
5138,6423
5139,6424
5140,6425
5141,6426
5142,6427
5143,6428
5144,6429
5145,6430
5146,6431
5147,6432
5148,6434
5149,6435
5150,6436
5151,6437
5152,6438
5153,6439
5154,6440
5155,6441
5156,6443
5157,6444
5158,6445
5159,6447
5160,6451
5161,6452
5162,6453
5163,6458
5164,6459
5165,6460
5166,6461
5167,6464
5168,6465
5169,6467
5170,6468
5171,6469
5172,6471
5173,6472
5174,6473
5175,6474
5176,6475
5177,6476
5178,6477
5179,6479
5180,6480
5181,6481
5182,6482
5183,6483
5184,6484
5185,6485
5186,6486
5187,6487
5188,6488
5189,6489
5190,6490
5191,6492
5192,6493
5193,6494
5194,6495
5195,6497
5196,6498
5197,6499
5198,6501
5199,6502
5200,6503
5201,6504
5202,6505
5203,6506
5204,6507
5205,6508
5206,6509
5207,6510
5208,6511
5209,6512
5210,6513
5211,6514
5212,6515
5213,6516
5214,6517
5215,6518
5216,6519
5217,6520
5218,6521
5219,6522
5220,6523
5221,6524
5222,6525
5223,6526
5224,6527
5225,6528
5226,6529
5227,6530
5228,6531
5229,6533
5230,6534
5231,6536
5232,6537
5233,6538
5234,6539
5235,6540
5236,6542
5237,6545
5238,6546
5239,6548
5240,6549
5241,6552
5242,6553
5243,6554
5244,6555
5245,6556
5246,6558
5247,6559
5248,6560
5249,6561
5250,6563
5251,6565
5252,6566
5253,6567
5254,6568
5255,6569
5256,6570
5257,6571
5258,6575
5259,6576
5260,6577
5261,6578
5262,6579
5263,6580
5264,6581
5265,6582
5266,6583
5267,6584
5268,6585
5269,6586
5270,6588
5271,6589
5272,6590
5273,6591
5274,6592
5275,6593
5276,6594
5277,6595
5278,6596
5279,6597
5280,6598
5281,6599
5282,6600
5283,6602
5284,6603
5285,6604
5286,6605
5287,6606
5288,6607
5289,6608
5290,6609
5291,6610
5292,6611
5293,6612
5294,6613
5295,6614
5296,6615
5297,6617
5298,6619
5299,6623
5300,6624
5301,6625
5302,6626
5303,6627
5304,6628
5305,6629
5306,6630
5307,6631
5308,6633
5309,6634
5310,6635
5311,6636
5312,6637
5313,6638
5314,6639
5315,6640
5316,6641
5317,6643
5318,6644
5319,6645
5320,6647
5321,6648
5322,6649
5323,6650
5324,6651
5325,6653
5326,6655
5327,6656
5328,6658
5329,6659
5330,6661
5331,6663
5332,6665
5333,6666
5334,6670
5335,6671
5336,6672
5337,6673
5338,6674
5339,6675
5340,6676
5341,6677
5342,6679
5343,6680
5344,6681
5345,6682
5346,6683
5347,6684
5348,6685
5349,6686
5350,6689
5351,6691
5352,6692
5353,6693
5354,6694
5355,6695
5356,6697
5357,6698
5358,6700
5359,6703
5360,6704
5361,6705
5362,6706
5363,6707
5364,6710
5365,6712
5366,6713
5367,6714
5368,6715
5369,6717
5370,6718
5371,6719
5372,6720
5373,6721
5374,6722
5375,6723
5376,6724
5377,6725
5378,6728
5379,6729
5380,6730
5381,6734
5382,6735
5383,6736
5384,6737
5385,6738
5386,6739
5387,6740
5388,6741
5389,6742
5390,6743
5391,6744
5392,6745
5393,6746
5394,6748
5395,6749
5396,6750
5397,6751
5398,6752
5399,6754
5400,6755
5401,6756
5402,6757
5403,6758
5404,6759
5405,6760
5406,6761
5407,6762
5408,6763
5409,6764
5410,6765
5411,6766
5412,6767
5413,6768
5414,6769
5415,6770
5416,6771
5417,6772
5418,6773
5419,6774
5420,6775
5421,6776
5422,6778
5423,6779
5424,6780
5425,6781
5426,6782
5427,6783
5428,6785
5429,6787
5430,6788
5431,6790
5432,6791
5433,6792
5434,6793
5435,6794
5436,6795
5437,6796
5438,6797
5439,6798
5440,6799
5441,6801
5442,6803
5443,6804
5444,6805
5445,6806
5446,6807
5447,6808
5448,6809
5449,6810
5450,6812
5451,6813
5452,6815
5453,6816
5454,6817
5455,6818
5456,6819
5457,6820
5458,6822
5459,6823
5460,6824
5461,6825
5462,6827
5463,6828
5464,6829
5465,6830
5466,6831
5467,6833
5468,6834
5469,6835
5470,6836
5471,6837
5472,6838
5473,6839
5474,6840
5475,6841
5476,6843
5477,6844
5478,6845
5479,6846
5480,6847
5481,6848
5482,6849
5483,6850
5484,6851
5485,6853
5486,6854
5487,6855
5488,6856
5489,6857
5490,6859
5491,6864
5492,6865
5493,6866
5494,6867
5495,6868
5496,6869
5497,6870
5498,6871
5499,6872
5500,6875
5501,6876
5502,6878
5503,6879
5504,6880
5505,6882
5506,6884
5507,6885
5508,6886
5509,6887
5510,6888
5511,6889
5512,6890
5513,6891
5514,6893
5515,6894
5516,6895
5517,6897
5518,6898
5519,6899
5520,6900
5521,6901
5522,6902
5523,6903
5524,6904
5525,6907
5526,6908
5527,6909
5528,6910
5529,6911
5530,6912
5531,6913
5532,6914
5533,6916
5534,6917
5535,6919
5536,6920
5537,6921
5538,6923
5539,6924
5540,6925
5541,6927
5542,6928
5543,6929
5544,6930
5545,6932
5546,6933
5547,6934
5548,6935
5549,6936
5550,6937
5551,6939
5552,6940
5553,6941
5554,6942
5555,6943
5556,6945
5557,6946
5558,6947
5559,6948
5560,6950
5561,6951
5562,6952
5563,6953
5564,6955
5565,6956
5566,6957
5567,6958
5568,6960
5569,6961
5570,6962
5571,6963
5572,6964
5573,6968
5574,6969
5575,6970
5576,6971
5577,6972
5578,6973
5579,6974
5580,6976
5581,6977
5582,6978
5583,6979
5584,6980
5585,6981
5586,6982
5587,6983
5588,6984
5589,6985
5590,6986
5591,6988
5592,6991
5593,6992
5594,6993
5595,6994
5596,6995
5597,6996
5598,6997
5599,6998
5600,6999
5601,7002
5602,7003
5603,7004
5604,7005
5605,7006
5606,7008
5607,7010
5608,7011
5609,7012
5610,7013
5611,7014
5612,7015
5613,7016
5614,7017
5615,7019
5616,7021
5617,7022
5618,7023
5619,7025
5620,7028
5621,7029
5622,7030
5623,7031
5624,7032
5625,7033
5626,7034
5627,7035
5628,7036
5629,7037
5630,7039
5631,7040
5632,7041
5633,7042
5634,7043
5635,7044
5636,7045
5637,7046
5638,7047
5639,7048
5640,7049
5641,7051
5642,7052
5643,7053
5644,7057
5645,7058
5646,7060
5647,7061
5648,7062
5649,7063
5650,7064
5651,7065
5652,7066
5653,7067
5654,7068
5655,7069
5656,7070
5657,7071
5658,7072
5659,7074
5660,7075
5661,7076
5662,7077
5663,7079
5664,7081
5665,7082
5666,7084
5667,7085
5668,7087
5669,7088
5670,7089
5671,7090
5672,7091
5673,7092
5674,7094
5675,7096
5676,7097
5677,7098
5678,7099
5679,7100
5680,7102
5681,7103
5682,7104
5683,7105
5684,7106
5685,7108
5686,7109
5687,7110
5688,7111
5689,7112
5690,7113
5691,7114
5692,7115
5693,7116
5694,7117
5695,7118
5696,7119
5697,7120
5698,7121
5699,7122
5700,7124
5701,7126
5702,7127
5703,7128
5704,7129
5705,7130
5706,7132
5707,7133
5708,7134
5709,7135
5710,7136
5711,7137
5712,7138
5713,7139
5714,7140
5715,7142
5716,7145
5717,7146
5718,7148
5719,7150
5720,7151
5721,7152
5722,7153
5723,7154
5724,7155
5725,7157
5726,7158
5727,7159
5728,7160
5729,7161
5730,7163
5731,7164
5732,7166
5733,7167
5734,7168
5735,7169
5736,7170
5737,7171
5738,7173
5739,7175
5740,7176
5741,7177
5742,7178
5743,7180
5744,7181
5745,7182
5746,7183
5747,7184
5748,7185
5749,7186
5750,7187
5751,7188
5752,7190
5753,7192
5754,7193
5755,7194
5756,7195
5757,7197
5758,7198
5759,7199
5760,7200
5761,7203
5762,7204
5763,7205
5764,7206
5765,7207
5766,7208
5767,7210
5768,7211
5769,7212
5770,7214
5771,7215
5772,7216
5773,7217
5774,7218
5775,7219
5776,7220
5777,7221
5778,7222
5779,7224
5780,7225
5781,7226
5782,7227
5783,7228
5784,7230
5785,7231
5786,7233
5787,7234
5788,7235
5789,7236
5790,7237
5791,7238
5792,7240
5793,7242
5794,7243
5795,7244
5796,7245
5797,7246
5798,7247
5799,7248
5800,7249
5801,7250
5802,7251
5803,7252
5804,7254
5805,7256
5806,7257
5807,7258
5808,7259
5809,7261
5810,7262
5811,7263
5812,7265
5813,7266
5814,7267
5815,7268
5816,7270
5817,7272
5818,7273
5819,7274
5820,7275
5821,7277
5822,7279
5823,7280
5824,7281
5825,7282
5826,7283
5827,7284
5828,7285
5829,7286
5830,7287
5831,7289
5832,7290
5833,7291
5834,7292
5835,7294
5836,7295
5837,7296
5838,7298
5839,7299
5840,7300
5841,7301
5842,7302
5843,7303
5844,7304
5845,7305
5846,7306
5847,7307
5848,7309
5849,7310
5850,7313
5851,7314
5852,7315
5853,7316
5854,7317
5855,7319
5856,7320
5857,7321
5858,7323
5859,7324
5860,7325
5861,7326
5862,7327
5863,7329
5864,7330
5865,7331
5866,7332
5867,7334
5868,7335
5869,7336
5870,7338
5871,7339
5872,7340
5873,7341
5874,7343
5875,7344
5876,7345
5877,7346
5878,7347
5879,7348
5880,7350
5881,7351
5882,7352
5883,7353
5884,7355
5885,7357
5886,7358
5887,7359
5888,7360
5889,7361
5890,7363
5891,7364
5892,7366
5893,7367
5894,7368
5895,7369
5896,7370
5897,7371
5898,7373
5899,7374
5900,7375
5901,7376
5902,7377
5903,7379
5904,7380
5905,7381
5906,7383
5907,7384
5908,7385
5909,7386
5910,7388
5911,7389
5912,7390
5913,7391
5914,7392
5915,7394
5916,7395
5917,7396
5918,7397
5919,7398
5920,7400
5921,7401
5922,7403
5923,7404
5924,7405
5925,7406
5926,7407
5927,7408
5928,7409
5929,7412
5930,7413
5931,7414
5932,7415
5933,7416
5934,7418
5935,7420
5936,7421
5937,7422
5938,7423
5939,7424
5940,7425
5941,7426
5942,7427
5943,7428
5944,7429
5945,7430
5946,7432
5947,7433
5948,7434
5949,7435
5950,7436
5951,7437
5952,7438
5953,7442
5954,7443
5955,7444
5956,7445
5957,7446
5958,7447
5959,7448
5960,7450
5961,7451
5962,7453
5963,7454
5964,7455
5965,7457
5966,7458
5967,7459
5968,7460
5969,7461
5970,7463
5971,7464
5972,7465
5973,7466
5974,7467
5975,7469
5976,7470
5977,7471
5978,7473
5979,7474
5980,7475
5981,7476
5982,7477
5983,7478
5984,7479
5985,7480
5986,7482
5987,7484
5988,7485
5989,7486
5990,7487
5991,7488
5992,7489
5993,7492
5994,7493
5995,7494
5996,7495
5997,7496
5998,7497
5999,7499
6000,7500
6001,7501
6002,7502
6003,7503
6004,7505
6005,7507
6006,7509
6007,7510
6008,7511
6009,7513
6010,7514
6011,7515
6012,7516
6013,7517
6014,7518
6015,7520
6016,7521
6017,7523
6018,7524
6019,7525
6020,7526
6021,7527
6022,7528
6023,7529
6024,7530
6025,7531
6026,7532
6027,7533
6028,7534
6029,7535
6030,7536
6031,7539
6032,7541
6033,7542
6034,7543
6035,7544
6036,7545
6037,7546
6038,7547
6039,7549
6040,7550
6041,7551
6042,7552
6043,7553
6044,7554
6045,7555
6046,7557
6047,7559
6048,7561
6049,7562
6050,7563
6051,7564
6052,7565
6053,7567
6054,7568
6055,7569
6056,7570
6057,7571
6058,7572
6059,7573
6060,7574
6061,7575
6062,7576
6063,7578
6064,7581
6065,7582
6066,7583
6067,7584
6068,7586
6069,7587
6070,7588
6071,7589
6072,7590
6073,7591
6074,7593
6075,7594
6076,7595
6077,7596
6078,7598
6079,7600
6080,7601
6081,7603
6082,7605
6083,7606
6084,7607
6085,7608
6086,7609
6087,7610
6088,7611
6089,7612
6090,7613
6091,7615
6092,7616
6093,7617
6094,7618
6095,7619
6096,7620
6097,7621
6098,7622
6099,7624
6100,7625
6101,7627
6102,7628
6103,7630
6104,7631
6105,7632
6106,7634
6107,7635
6108,7636
6109,7638
6110,7639
6111,7640
6112,7641
6113,7642
6114,7643
6115,7645
6116,7646
6117,7647
6118,7649
6119,7651
6120,7652
6121,7653
6122,7654
6123,7655
6124,7656
6125,7657
6126,7658
6127,7659
6128,7660
6129,7662
6130,7664
6131,7666
6132,7667
6133,7668
6134,7669
6135,7670
6136,7671
6137,7672
6138,7673
6139,7676
6140,7677
6141,7678
6142,7679
6143,7680
6144,7681
6145,7682
6146,7683
6147,7684
6148,7685
6149,7686
6150,7688
6151,7689
6152,7690
6153,7691
6154,7692
6155,7695
6156,7696
6157,7697
6158,7698
6159,7699
6160,7701
6161,7702
6162,7703
6163,7704
6164,7705
6165,7706
6166,7707
6167,7709
6168,7710
6169,7713
6170,7714
6171,7715
6172,7716
6173,7717
6174,7718
6175,7719
6176,7721
6177,7722
6178,7723
6179,7724
6180,7725
6181,7727
6182,7728
6183,7729
6184,7730
6185,7731
6186,7733
6187,7734
6188,7735
6189,7736
6190,7737
6191,7739
6192,7740
6193,7742
6194,7743
6195,7744
6196,7745
6197,7746
6198,7747
6199,7748
6200,7749
6201,7750
6202,7751
6203,7752
6204,7753
6205,7755
6206,7758
6207,7759
6208,7760
6209,7761
6210,7762
6211,7763
6212,7764
6213,7766
6214,7767
6215,7768
6216,7771
6217,7772
6218,7773
6219,7774
6220,7775
6221,7776
6222,7777
6223,7779
6224,7780
6225,7781
6226,7782
6227,7784
6228,7785
6229,7786
6230,7787
6231,7790
6232,7791
6233,7792
6234,7793
6235,7795
6236,7796
6237,7797
6238,7798
6239,7799
6240,7801
6241,7802
6242,7803
6243,7804
6244,7805
6245,7807
6246,7808
6247,7809
6248,7810
6249,7811
6250,7812
6251,7814
6252,7815
6253,7816
6254,7817
6255,7820
6256,7821
6257,7822
6258,7823
6259,7824
6260,7825
6261,7827
6262,7828
6263,7829
6264,7830
6265,7831
6266,7833
6267,7834
6268,7836
6269,7837
6270,7838
6271,7839
6272,7840
6273,7841
6274,7844
6275,7846
6276,7847
6277,7848
6278,7849
6279,7850
6280,7852
6281,7853
6282,7854
6283,7855
6284,7856
6285,7857
6286,7858
6287,7860
6288,7861
6289,7862
6290,7863
6291,7864
6292,7865
6293,7866
6294,7867
6295,7868
6296,7869
6297,7870
6298,7871
6299,7873
6300,7874
6301,7876
6302,7877
6303,7878
6304,7879
6305,7882
6306,7883
6307,7885
6308,7887
6309,7888
6310,7889
6311,7890
6312,7891
6313,7892
6314,7894
6315,7895
6316,7896
6317,7897
6318,7898
6319,7899
6320,7901
6321,7902
6322,7903
6323,7905
6324,7906
6325,7907
6326,7908
6327,7909
6328,7910
6329,7911
6330,7913
6331,7915
6332,7916
6333,7917
6334,7918
6335,7919
6336,7920
6337,7921
6338,7923
6339,7925
6340,7926
6341,7927
6342,7928
6343,7929
6344,7930
6345,7931
6346,7932
6347,7933
6348,7934
6349,7936
6350,7937
6351,7938
6352,7939
6353,7940
6354,7942
6355,7944
6356,7945
6357,7946
6358,7948
6359,7949
6360,7950
6361,7951
6362,7952
6363,7954
6364,7955
6365,7956
6366,7957
6367,7958
6368,7960
6369,7963
6370,7964
6371,7965
6372,7966
6373,7967
6374,7968
6375,7969
6376,7970
6377,7972
6378,7973
6379,7974
6380,7975
6381,7977
6382,7978
6383,7979
6384,7980
6385,7981
6386,7982
6387,7984
6388,7985
6389,7986
6390,7987
6391,7988
6392,7991
6393,7992
6394,7993
6395,7994
6396,7995
6397,7997
6398,7998
6399,8000
6400,8001
6401,8002
6402,8003
6403,8005
6404,8006
6405,8007
6406,8008
6407,8010
6408,8014
6409,8015
6410,8016
6411,8017
6412,8020
6413,8021
6414,8022
6415,8023
6416,8024
6417,8025
6418,8026
6419,8027
6420,8028
6421,8029
6422,8030
6423,8031
6424,8032
6425,8033
6426,8034
6427,8035
6428,8036
6429,8037
6430,8038
6431,8039
6432,8040
6433,8041
6434,8043
6435,8044
6436,8046
6437,8047
6438,8048
6439,8051
6440,8052
6441,8053
6442,8054
6443,8055
6444,8057
6445,8058
6446,8059
6447,8060
6448,8061
6449,8063
6450,8064
6451,8065
6452,8066
6453,8067
6454,8068
6455,8069
6456,8071
6457,8072
6458,8073
6459,8075
6460,8076
6461,8077
6462,8078
6463,8079
6464,8080
6465,8083
6466,8084
6467,8085
6468,8086
6469,8087
6470,8088
6471,8089
6472,8090
6473,8091
6474,8092
6475,8093
6476,8094
6477,8096
6478,8097
6479,8099
6480,8100
6481,8101
6482,8103
6483,8104
6484,8106
6485,8107
6486,8108
6487,8110
6488,8111
6489,8112
6490,8113
6491,8114
6492,8115
6493,8117
6494,8118
6495,8119
6496,8121
6497,8122
6498,8123
6499,8126
6500,8128
6501,8131
6502,8132
6503,8133
6504,8134
6505,8136
6506,8138
6507,8139
6508,8140
6509,8142
6510,8143
6511,8144
6512,8145
6513,8147
6514,8148
6515,8149
6516,8150
6517,8151
6518,8152
6519,8154
6520,8155
6521,8156
6522,8158
6523,8159
6524,8160
6525,8161
6526,8163
6527,8166
6528,8167
6529,8169
6530,8170
6531,8172
6532,8173
6533,8174
6534,8175
6535,8176
6536,8177
6537,8178
6538,8179
6539,8182
6540,8184
6541,8185
6542,8186
6543,8187
6544,8189
6545,8191
6546,8192
6547,8193
6548,8194
6549,8196
6550,8197
6551,8199
6552,8200
6553,8201
6554,8202
6555,8203
6556,8205
6557,8206
6558,8207
6559,8208
6560,8209
6561,8210
6562,8211
6563,8212
6564,8213
6565,8214
6566,8215
6567,8216
6568,8217
6569,8218
6570,8219
6571,8220
6572,8221
6573,8222
6574,8223
6575,8225
6576,8226
6577,8227
6578,8228
6579,8231
6580,8232
6581,8234
6582,8235
6583,8236
6584,8237
6585,8238
6586,8239
6587,8240
6588,8241
6589,8242
6590,8243
6591,8244
6592,8245
6593,8246
6594,8247
6595,8248
6596,8249
6597,8250
6598,8251
6599,8253
6600,8254
6601,8255
6602,8256
6603,8257
6604,8258
6605,8259
6606,8260
6607,8261
6608,8262
6609,8263
6610,8264
6611,8265
6612,8267
6613,8268
6614,8269
6615,8272
6616,8273
6617,8274
6618,8275
6619,8277
6620,8279
6621,8280
6622,8282
6623,8285
6624,8286
6625,8288
6626,8289
6627,8290
6628,8291
6629,8292
6630,8293
6631,8294
6632,8295
6633,8296
6634,8298
6635,8299
6636,8300
6637,8301
6638,8302
6639,8303
6640,8305
6641,8306
6642,8307
6643,8311
6644,8312
6645,8315
6646,8316
6647,8318
6648,8319
6649,8320
6650,8321
6651,8322
6652,8323
6653,8324
6654,8325
6655,8326
6656,8327
6657,8328
6658,8329
6659,8330
6660,8331
6661,8332
6662,8333
6663,8334
6664,8336
6665,8338
6666,8341
6667,8343
6668,8344
6669,8345
6670,8346
6671,8347
6672,8349
6673,8350
6674,8351
6675,8352
6676,8353
6677,8355
6678,8356
6679,8357
6680,8358
6681,8359
6682,8362
6683,8363
6684,8364
6685,8365
6686,8366
6687,8367
6688,8368
6689,8369
6690,8370
6691,8371
6692,8373
6693,8374
6694,8375
6695,8376
6696,8379
6697,8380
6698,8381
6699,8382
6700,8383
6701,8384
6702,8385
6703,8386
6704,8387
6705,8388
6706,8389
6707,8390
6708,8391
6709,8392
6710,8393
6711,8394
6712,8395
6713,8396
6714,8398
6715,8400
6716,8401
6717,8402
6718,8403
6719,8404
6720,8405
6721,8406
6722,8407
6723,8408
6724,8409
6725,8412
6726,8413
6727,8414
6728,8416
6729,8422
6730,8423
6731,8424
6732,8425
6733,8426
6734,8428
6735,8429
6736,8430
6737,8432
6738,8433
6739,8434
6740,8435
6741,8436
6742,8437
6743,8438
6744,8439
6745,8441
6746,8442
6747,8443
6748,8444
6749,8445
6750,8446
6751,8447
6752,8448
6753,8450
6754,8451
6755,8452
6756,8453
6757,8454
6758,8455
6759,8456
6760,8457
6761,8458
6762,8459
6763,8460
6764,8461
6765,8462
6766,8463
6767,8465
6768,8466
6769,8467
6770,8468
6771,8469
6772,8470
6773,8471
6774,8472
6775,8473
6776,8474
6777,8475
6778,8476
6779,8477
6780,8478
6781,8479
6782,8480
6783,8481
6784,8482
6785,8483
6786,8484
6787,8485
6788,8487
6789,8488
6790,8489
6791,8491
6792,8492
6793,8493
6794,8494
6795,8495
6796,8497
6797,8499
6798,8500
6799,8501
6800,8502
6801,8504
6802,8505
6803,8506
6804,8507
6805,8508
6806,8509
6807,8510
6808,8511
6809,8512
6810,8513
6811,8514
6812,8515
6813,8517
6814,8518
6815,8520
6816,8521
6817,8522
6818,8523
6819,8525
6820,8526
6821,8527
6822,8529
6823,8530
6824,8531
6825,8532
6826,8533
6827,8534
6828,8535
6829,8536
6830,8538
6831,8539
6832,8540
6833,8541
6834,8542
6835,8544
6836,8545
6837,8546
6838,8547
6839,8548
6840,8549
6841,8550
6842,8552
6843,8553
6844,8554
6845,8555
6846,8557
6847,8559
6848,8560
6849,8561
6850,8562
6851,8564
6852,8565
6853,8567
6854,8568
6855,8571
6856,8572
6857,8573
6858,8574
6859,8575
6860,8576
6861,8577
6862,8578
6863,8579
6864,8580
6865,8581
6866,8583
6867,8584
6868,8585
6869,8586
6870,8587
6871,8588
6872,8589
6873,8590
6874,8591
6875,8592
6876,8594
6877,8596
6878,8597
6879,8599
6880,8600
6881,8601
6882,8602
6883,8603
6884,8605
6885,8606
6886,8608
6887,8609
6888,8612
6889,8614
6890,8615
6891,8616
6892,8617
6893,8618
6894,8619
6895,8620
6896,8621
6897,8622
6898,8623
6899,8624
6900,8625
6901,8626
6902,8630
6903,8631
6904,8632
6905,8635
6906,8636
6907,8637
6908,8638
6909,8640
6910,8642
6911,8643
6912,8644
6913,8645
6914,8647
6915,8648
6916,8649
6917,8650
6918,8651
6919,8652
6920,8653
6921,8654
6922,8655
6923,8656
6924,8657
6925,8658
6926,8659
6927,8660
6928,8661
6929,8662
6930,8663
6931,8664
6932,8665
6933,8666
6934,8667
6935,8668
6936,8669
6937,8670
6938,8671
6939,8673
6940,8674
6941,8675
6942,8676
6943,8677
6944,8678
6945,8680
6946,8682
6947,8683
6948,8684
6949,8685
6950,8686
6951,8687
6952,8688
6953,8689
6954,8690
6955,8691
6956,8692
6957,8693
6958,8696
6959,8697
6960,8698
6961,8699
6962,8700
6963,8701
6964,8702
6965,8704
6966,8705
6967,8707
6968,8708
6969,8709
6970,8710
6971,8715
6972,8716
6973,8717
6974,8718
6975,8719
6976,8721
6977,8722
6978,8723
6979,8725
6980,8726
6981,8727
6982,8728
6983,8730
6984,8731
6985,8732
6986,8733
6987,8734
6988,8735
6989,8737
6990,8739
6991,8740
6992,8741
6993,8742
6994,8743
6995,8744
6996,8745
6997,8747
6998,8748
6999,8749
7000,8750
7001,8751
7002,8752
7003,8753
7004,8754
7005,8756
7006,8757
7007,8758
7008,8759
7009,8760
7010,8763
7011,8765
7012,8766
7013,8767
7014,8768
7015,8770
7016,8771
7017,8772
7018,8774
7019,8775
7020,8776
7021,8777
7022,8778
7023,8779
7024,8780
7025,8781
7026,8782
7027,8783
7028,8784
7029,8786
7030,8787
7031,8788
7032,8790
7033,8791
7034,8793
7035,8794
7036,8795
7037,8796
7038,8797
7039,8798
7040,8799
7041,8801
7042,8803
7043,8805
7044,8806
7045,8807
7046,8808
7047,8809
7048,8811
7049,8812
7050,8813
7051,8814
7052,8815
7053,8816
7054,8817
7055,8818
7056,8820
7057,8821
7058,8823
7059,8824
7060,8825
7061,8826
7062,8828
7063,8832
7064,8833
7065,8834
7066,8835
7067,8836
7068,8837
7069,8838
7070,8839
7071,8840
7072,8841
7073,8842
7074,8843
7075,8844
7076,8846
7077,8847
7078,8849
7079,8850
7080,8854
7081,8855
7082,8856
7083,8857
7084,8858
7085,8859
7086,8860
7087,8861
7088,8862
7089,8863
7090,8864
7091,8866
7092,8867
7093,8868
7094,8869
7095,8870
7096,8871
7097,8872
7098,8873
7099,8874
7100,8875
7101,8876
7102,8877
7103,8878
7104,8879
7105,8880
7106,8881
7107,8883
7108,8885
7109,8886
7110,8887
7111,8888
7112,8889
7113,8890
7114,8891
7115,8892
7116,8893
7117,8894
7118,8895
7119,8898
7120,8899
7121,8900
7122,8901
7123,8904
7124,8905
7125,8906
7126,8907
7127,8909
7128,8910
7129,8911
7130,8912
7131,8914
7132,8915
7133,8916
7134,8918
7135,8919
7136,8920
7137,8921
7138,8922
7139,8923
7140,8924
7141,8926
7142,8928
7143,8929
7144,8930
7145,8931
7146,8932
7147,8933
7148,8934
7149,8936
7150,8937
7151,8938
7152,8940
7153,8941
7154,8942
7155,8944
7156,8946
7157,8947
7158,8948
7159,8949
7160,8950
7161,8952
