,42_7
0,0
1,1
2,3
3,4
4,5
5,6
6,7
7,8
8,9
9,10
10,11
11,12
12,13
13,14
14,16
15,17
16,19
17,20
18,21
19,22
20,23
21,24
22,26
23,27
24,29
25,30
26,31
27,32
28,33
29,34
30,35
31,36
32,37
33,38
34,39
35,40
36,41
37,43
38,44
39,46
40,47
41,48
42,50
43,51
44,52
45,53
46,54
47,55
48,56
49,57
50,58
51,59
52,61
53,63
54,64
55,65
56,67
57,68
58,70
59,71
60,72
61,73
62,74
63,75
64,76
65,77
66,78
67,79
68,80
69,81
70,82
71,83
72,84
73,86
74,87
75,88
76,89
77,90
78,91
79,92
80,93
81,94
82,95
83,96
84,97
85,98
86,99
87,100
88,101
89,102
90,103
91,104
92,105
93,106
94,108
95,109
96,110
97,112
98,113
99,114
100,115
101,116
102,118
103,119
104,120
105,121
106,122
107,123
108,124
109,125
110,126
111,127
112,129
113,130
114,131
115,132
116,134
117,135
118,136
119,138
120,139
121,140
122,142
123,143
124,144
125,145
126,147
127,148
128,149
129,150
130,151
131,152
132,153
133,154
134,155
135,156
136,157
137,158
138,159
139,161
140,162
141,163
142,164
143,165
144,166
145,167
146,168
147,169
148,171
149,172
150,174
151,175
152,177
153,178
154,179
155,180
156,181
157,182
158,183
159,184
160,185
161,186
162,187
163,189
164,190
165,191
166,192
167,193
168,195
169,196
170,197
171,198
172,199
173,200
174,201
175,202
176,204
177,205
178,206
179,207
180,208
181,209
182,210
183,212
184,213
185,214
186,215
187,216
188,217
189,218
190,219
191,220
192,221
193,222
194,223
195,224
196,225
197,226
198,227
199,228
200,229
201,230
202,231
203,232
204,233
205,235
206,236
207,237
208,238
209,239
210,240
211,241
212,242
213,243
214,244
215,245
216,246
217,247
218,248
219,249
220,250
221,251
222,252
223,253
224,254
225,255
226,257
227,258
228,259
229,260
230,261
231,262
232,264
233,265
234,266
235,267
236,268
237,269
238,270
239,271
240,272
241,273
242,274
243,275
244,276
245,277
246,278
247,279
248,280
249,281
250,282
251,284
252,285
253,287
254,288
255,289
256,290
257,291
258,292
259,293
260,294
261,295
262,297
263,298
264,299
265,300
266,301
267,303
268,304
269,305
270,306
271,308
272,309
273,310
274,311
275,312
276,313
277,315
278,316
279,317
280,319
281,320
282,321
283,322
284,323
285,325
286,326
287,327
288,328
289,329
290,330
291,331
292,332
293,333
294,334
295,335
296,336
297,337
298,338
299,339
300,340
301,341
302,342
303,344
304,345
305,346
306,347
307,348
308,349
309,350
310,351
311,353
312,354
313,355
314,357
315,358
316,359
317,360
318,361
319,363
320,364
321,365
322,368
323,369
324,370
325,371
326,374
327,375
328,376
329,377
330,378
331,379
332,380
333,381
334,382
335,383
336,384
337,385
338,386
339,387
340,388
341,389
342,390
343,392
344,393
345,394
346,395
347,396
348,397
349,398
350,399
351,400
352,402
353,403
354,404
355,405
356,407
357,408
358,409
359,410
360,411
361,412
362,413
363,415
364,416
365,417
366,418
367,419
368,420
369,421
370,422
371,423
372,425
373,426
374,427
375,428
376,429
377,430
378,431
379,432
380,433
381,434
382,435
383,436
384,437
385,438
386,439
387,440
388,441
389,442
390,443
391,444
392,445
393,446
394,447
395,448
396,449
397,450
398,451
399,452
400,453
401,454
402,455
403,456
404,457
405,458
406,459
407,460
408,461
409,462
410,463
411,464
412,465
413,466
414,467
415,468
416,469
417,470
418,471
419,472
420,474
421,476
422,477
423,478
424,479
425,481
426,482
427,483
428,484
429,485
430,486
431,487
432,488
433,489
434,490
435,491
436,493
437,494
438,495
439,496
440,497
441,499
442,500
443,501
444,502
445,503
446,504
447,505
448,506
449,507
450,508
451,509
452,510
453,511
454,512
455,513
456,514
457,515
458,517
459,518
460,519
461,520
462,521
463,522
464,523
465,524
466,525
467,526
468,528
469,529
470,530
471,531
472,532
473,533
474,534
475,535
476,536
477,538
478,539
479,540
480,541
481,542
482,543
483,544
484,545
485,546
486,547
487,548
488,549
489,551
490,552
491,553
492,555
493,556
494,557
495,558
496,559
497,560
498,561
499,562
500,563
501,564
502,565
503,566
504,567
505,568
506,569
507,570
508,571
509,572
510,574
511,575
512,576
513,577
514,578
515,579
516,580
517,582
518,583
519,584
520,585
521,586
522,587
523,588
524,589
525,590
526,591
527,592
528,593
529,594
530,595
531,596
532,597
533,599
534,600
535,602
536,603
537,604
538,605
539,606
540,607
541,608
542,609
543,610
544,611
545,612
546,613
547,614
548,615
549,616
550,617
551,618
552,619
553,620
554,621
555,622
556,623
557,624
558,625
559,626
560,628
561,629
562,630
563,631
564,633
565,634
566,636
567,637
568,639
569,642
570,644
571,645
572,646
573,647
574,648
575,649
576,650
577,651
578,652
579,653
580,654
581,655
582,656
583,657
584,658
585,659
586,660
587,661
588,662
589,663
590,664
591,665
592,666
593,667
594,668
595,669
596,670
597,671
598,672
599,673
600,674
601,675
602,677
603,678
604,679
605,681
606,684
607,686
608,687
609,689
610,690
611,691
612,692
613,693
614,694
615,695
616,696
617,697
618,698
619,699
620,700
621,701
622,703
623,704
624,705
625,706
626,707
627,708
628,709
629,710
630,711
631,712
632,713
633,714
634,716
635,717
636,718
637,719
638,720
639,721
640,722
641,723
642,724
643,725
644,726
645,727
646,729
647,731
648,732
649,733
650,734
651,735
652,737
653,738
654,739
655,740
656,741
657,742
658,743
659,744
660,745
661,746
662,747
663,748
664,749
665,750
666,753
667,754
668,755
669,756
670,757
671,758
672,759
673,760
674,761
675,762
676,764
677,766
678,767
679,768
680,769
681,770
682,771
683,772
684,773
685,775
686,776
687,777
688,778
689,779
690,780
691,781
692,782
693,783
694,784
695,785
696,786
697,787
698,788
699,789
700,791
701,792
702,793
703,794
704,795
705,798
706,799
707,800
708,802
709,803
710,804
711,805
712,806
713,807
714,808
715,809
716,810
717,811
718,812
719,813
720,814
721,815
722,817
723,818
724,819
725,820
726,821
727,822
728,824
729,825
730,826
731,827
732,828
733,829
734,830
735,831
736,833
737,834
738,835
739,836
740,837
741,838
742,839
743,842
744,843
745,844
746,845
747,846
748,847
749,848
750,849
751,850
752,851
753,852
754,853
755,854
756,855
757,856
758,857
759,860
760,861
761,862
762,863
763,864
764,865
765,866
766,867
767,868
768,869
769,870
770,871
771,872
772,873
773,874
774,875
775,876
776,877
777,878
778,879
779,880
780,881
781,882
782,883
783,884
784,885
785,886
786,887
787,888
788,889
789,890
790,891
791,892
792,893
793,894
794,895
795,896
796,897
797,898
798,899
799,900
800,901
801,902
802,903
803,904
804,905
805,906
806,907
807,908
808,909
809,910
810,911
811,912
812,913
813,914
814,915
815,916
816,917
817,918
818,919
819,920
820,921
821,923
822,924
823,925
824,926
825,927
826,928
827,929
828,931
829,932
830,933
831,934
832,935
833,938
834,939
835,940
836,941
837,943
838,945
839,946
840,948
841,949
842,951
843,952
844,953
845,954
846,955
847,956
848,957
849,958
850,959
851,960
852,961
853,962
854,963
855,964
856,965
857,966
858,967
859,968
860,969
861,970
862,971
863,972
864,973
865,974
866,975
867,976
868,977
869,978
870,979
871,980
872,981
873,982
874,983
875,985
876,987
877,988
878,989
879,990
880,992
881,993
882,994
883,995
884,996
885,997
886,998
887,999
888,1000
889,1001
890,1002
891,1003
892,1004
893,1005
894,1006
895,1008
896,1009
897,1010
898,1011
899,1012
900,1013
901,1014
902,1015
903,1016
904,1018
905,1020
906,1021
907,1022
908,1023
909,1024
910,1025
911,1026
912,1027
913,1028
914,1029
915,1030
916,1031
917,1032
918,1034
919,1035
920,1036
921,1037
922,1038
923,1039
924,1041
925,1042
926,1043
927,1045
928,1046
929,1047
930,1048
931,1049
932,1051
933,1053
934,1054
935,1055
936,1056
937,1057
938,1058
939,1059
940,1060
941,1061
942,1062
943,1064
944,1065
945,1066
946,1067
947,1068
948,1069
949,1071
950,1072
951,1073
952,1074
953,1075
954,1076
955,1077
956,1078
957,1079
958,1081
959,1082
960,1083
961,1084
962,1085
963,1086
964,1087
965,1088
966,1089
967,1091
968,1092
969,1093
970,1094
971,1096
972,1097
973,1098
974,1099
975,1100
976,1101
977,1102
978,1103
979,1104
980,1105
981,1106
982,1107
983,1109
984,1110
985,1111
986,1112
987,1113
988,1114
989,1115
990,1116
991,1117
992,1118
993,1119
994,1120
995,1122
996,1123
997,1124
998,1126
999,1127
1000,1128
1001,1129
1002,1130
1003,1131
1004,1132
1005,1133
1006,1134
1007,1135
1008,1136
1009,1137
1010,1138
1011,1139
1012,1140
1013,1141
1014,1142
1015,1143
1016,1144
1017,1145
1018,1146
1019,1147
1020,1148
1021,1149
1022,1150
1023,1151
1024,1152
1025,1153
1026,1154
1027,1155
1028,1156
1029,1157
1030,1158
1031,1159
1032,1160
1033,1161
1034,1162
1035,1163
1036,1164
1037,1165
1038,1166
1039,1167
1040,1168
1041,1169
1042,1170
1043,1171
1044,1173
1045,1174
1046,1175
1047,1176
1048,1178
1049,1179
1050,1180
1051,1181
1052,1182
1053,1183
1054,1185
1055,1186
1056,1187
1057,1189
1058,1190
1059,1191
1060,1192
1061,1193
1062,1194
1063,1195
1064,1196
1065,1198
1066,1199
1067,1200
1068,1201
1069,1202
1070,1203
1071,1204
1072,1205
1073,1206
1074,1207
1075,1208
1076,1209
1077,1210
1078,1211
1079,1212
1080,1213
1081,1214
1082,1215
1083,1216
1084,1217
1085,1218
1086,1219
1087,1220
1088,1221
1089,1222
1090,1223
1091,1224
1092,1225
1093,1226
1094,1227
1095,1228
1096,1230
1097,1233
1098,1234
1099,1235
1100,1236
1101,1237
1102,1238
1103,1239
1104,1240
1105,1241
1106,1242
1107,1243
1108,1244
1109,1245
1110,1246
1111,1247
1112,1249
1113,1251
1114,1252
1115,1253
1116,1254
1117,1255
1118,1256
1119,1257
1120,1258
1121,1260
1122,1263
1123,1264
1124,1265
1125,1266
1126,1268
1127,1269
1128,1270
1129,1271
1130,1272
1131,1273
1132,1274
1133,1275
1134,1276
1135,1277
1136,1278
1137,1279
1138,1280
1139,1281
1140,1282
1141,1283
1142,1284
1143,1285
1144,1287
1145,1288
1146,1289
1147,1290
1148,1293
1149,1294
1150,1295
1151,1296
1152,1297
1153,1298
1154,1299
1155,1300
1156,1301
1157,1302
1158,1303
1159,1304
1160,1305
1161,1306
1162,1307
1163,1309
1164,1310
1165,1311
1166,1312
1167,1313
1168,1314
1169,1315
1170,1316
1171,1317
1172,1318
1173,1319
1174,1320
1175,1321
1176,1322
1177,1323
1178,1324
1179,1325
1180,1326
1181,1329
1182,1330
1183,1331
1184,1332
1185,1333
1186,1334
1187,1335
1188,1336
1189,1337
1190,1338
1191,1339
1192,1340
1193,1341
1194,1342
1195,1343
1196,1344
1197,1345
1198,1346
1199,1347
1200,1348
1201,1349
1202,1350
1203,1351
1204,1352
1205,1353
1206,1354
1207,1355
1208,1356
1209,1358
1210,1359
1211,1360
1212,1362
1213,1363
1214,1364
1215,1365
1216,1366
1217,1367
1218,1368
1219,1369
1220,1370
1221,1372
1222,1373
1223,1375
1224,1376
1225,1377
1226,1378
1227,1379
1228,1380
1229,1382
1230,1383
1231,1384
1232,1385
1233,1387
1234,1389
1235,1390
1236,1391
1237,1392
1238,1393
1239,1394
1240,1395
1241,1396
1242,1397
1243,1399
1244,1400
1245,1401
1246,1402
1247,1403
1248,1404
1249,1405
1250,1406
1251,1407
1252,1408
1253,1409
1254,1410
1255,1411
1256,1412
1257,1413
1258,1414
1259,1415
1260,1416
1261,1417
1262,1419
1263,1420
1264,1421
1265,1422
1266,1423
1267,1424
1268,1425
1269,1426
1270,1427
1271,1428
1272,1429
1273,1430
1274,1431
1275,1432
1276,1434
1277,1435
1278,1436
1279,1437
1280,1439
1281,1440
1282,1441
1283,1444
1284,1445
1285,1446
1286,1447
1287,1448
1288,1449
1289,1450
1290,1452
1291,1453
1292,1454
1293,1455
1294,1456
1295,1457
1296,1458
1297,1459
1298,1460
1299,1461
1300,1462
1301,1463
1302,1464
1303,1465
1304,1466
1305,1467
1306,1468
1307,1469
1308,1470
1309,1471
1310,1472
1311,1473
1312,1474
1313,1475
1314,1476
1315,1477
1316,1478
1317,1479
1318,1480
1319,1481
1320,1482
1321,1483
1322,1484
1323,1486
1324,1487
1325,1488
1326,1489
1327,1490
1328,1491
1329,1492
1330,1493
1331,1494
1332,1495
1333,1496
1334,1497
1335,1498
1336,1499
1337,1500
1338,1501
1339,1502
1340,1503
1341,1504
1342,1505
1343,1506
1344,1507
1345,1508
1346,1509
1347,1510
1348,1511
1349,1512
1350,1513
1351,1514
1352,1515
1353,1517
1354,1518
1355,1519
1356,1520
1357,1521
1358,1522
1359,1524
1360,1525
1361,1526
1362,1527
1363,1528
1364,1529
1365,1530
1366,1531
1367,1532
1368,1533
1369,1535
1370,1536
1371,1537
1372,1538
1373,1540
1374,1541
1375,1542
1376,1543
1377,1544
1378,1545
1379,1547
1380,1548
1381,1549
1382,1550
1383,1551
1384,1552
1385,1553
1386,1555
1387,1556
1388,1557
1389,1558
1390,1559
1391,1560
1392,1561
1393,1562
1394,1563
1395,1565
1396,1566
1397,1567
1398,1568
1399,1569
1400,1570
1401,1571
1402,1572
1403,1573
1404,1574
1405,1575
1406,1578
1407,1579
1408,1580
1409,1583
1410,1584
1411,1585
1412,1586
1413,1587
1414,1588
1415,1589
1416,1590
1417,1591
1418,1592
1419,1593
1420,1594
1421,1595
1422,1596
1423,1597
1424,1598
1425,1599
1426,1600
1427,1601
1428,1602
1429,1603
1430,1604
1431,1605
1432,1606
1433,1607
1434,1608
1435,1609
1436,1610
1437,1611
1438,1612
1439,1613
1440,1614
1441,1615
1442,1616
1443,1617
1444,1618
1445,1619
1446,1620
1447,1622
1448,1623
1449,1625
1450,1627
1451,1629
1452,1630
1453,1631
1454,1633
1455,1634
1456,1635
1457,1636
1458,1637
1459,1638
1460,1639
1461,1640
1462,1641
1463,1642
1464,1644
1465,1645
1466,1647
1467,1648
1468,1649
1469,1650
1470,1651
1471,1653
1472,1654
1473,1655
1474,1657
1475,1658
1476,1659
1477,1660
1478,1661
1479,1663
1480,1664
1481,1665
1482,1666
1483,1667
1484,1668
1485,1669
1486,1670
1487,1671
1488,1672
1489,1673
1490,1674
1491,1675
1492,1676
1493,1677
1494,1678
1495,1679
1496,1680
1497,1681
1498,1683
1499,1685
1500,1686
1501,1687
1502,1688
1503,1689
1504,1690
1505,1691
1506,1692
1507,1694
1508,1695
1509,1696
1510,1697
1511,1698
1512,1699
1513,1700
1514,1701
1515,1702
1516,1703
1517,1704
1518,1705
1519,1706
1520,1707
1521,1708
1522,1709
1523,1711
1524,1712
1525,1713
1526,1714
1527,1715
1528,1716
1529,1718
1530,1719
1531,1720
1532,1721
1533,1722
1534,1723
1535,1724
1536,1726
1537,1727
1538,1729
1539,1730
1540,1731
1541,1732
1542,1734
1543,1735
1544,1736
1545,1737
1546,1738
1547,1739
1548,1740
1549,1741
1550,1742
1551,1743
1552,1744
1553,1745
1554,1746
1555,1747
1556,1748
1557,1749
1558,1750
1559,1751
1560,1752
1561,1753
1562,1754
1563,1756
1564,1757
1565,1758
1566,1759
1567,1760
1568,1761
1569,1762
1570,1763
1571,1764
1572,1765
1573,1766
1574,1767
1575,1769
1576,1770
1577,1771
1578,1772
1579,1773
1580,1774
1581,1775
1582,1776
1583,1777
1584,1778
1585,1779
1586,1780
1587,1781
1588,1782
1589,1783
1590,1784
1591,1785
1592,1786
1593,1787
1594,1788
1595,1789
1596,1790
1597,1791
1598,1792
1599,1793
1600,1794
1601,1795
1602,1796
1603,1797
1604,1798
1605,1799
1606,1801
1607,1802
1608,1803
1609,1805
1610,1806
1611,1807
1612,1808
1613,1809
1614,1812
1615,1813
1616,1814
1617,1816
1618,1817
1619,1818
1620,1819
1621,1820
1622,1822
1623,1823
1624,1824
1625,1825
1626,1827
1627,1828
1628,1829
1629,1830
1630,1831
1631,1832
1632,1833
1633,1834
1634,1835
1635,1836
1636,1837
1637,1838
1638,1839
1639,1840
1640,1841
1641,1842
1642,1843
1643,1844
1644,1845
1645,1846
1646,1847
1647,1848
1648,1849
1649,1850
1650,1851
1651,1852
1652,1853
1653,1854
1654,1855
1655,1856
1656,1857
1657,1858
1658,1859
1659,1860
1660,1862
1661,1863
1662,1864
1663,1865
1664,1866
1665,1867
1666,1868
1667,1869
1668,1870
1669,1871
1670,1873
1671,1874
1672,1875
1673,1876
1674,1877
1675,1878
1676,1879
1677,1881
1678,1882
1679,1883
1680,1884
1681,1886
1682,1887
1683,1888
1684,1889
1685,1890
1686,1891
1687,1892
1688,1893
1689,1894
1690,1895
1691,1896
1692,1898
1693,1899
1694,1900
1695,1901
1696,1902
1697,1903
1698,1904
1699,1905
1700,1906
1701,1907
1702,1908
1703,1909
1704,1910
1705,1911
1706,1912
1707,1913
1708,1914
1709,1915
1710,1916
1711,1917
1712,1918
1713,1919
1714,1920
1715,1921
1716,1922
1717,1923
1718,1924
1719,1925
1720,1926
1721,1927
1722,1928
1723,1929
1724,1930
1725,1931
1726,1933
1727,1934
1728,1935
1729,1936
1730,1937
1731,1938
1732,1939
1733,1940
1734,1941
1735,1942
1736,1943
1737,1944
1738,1945
1739,1946
1740,1947
1741,1948
1742,1949
1743,1950
1744,1951
1745,1952
1746,1953
1747,1954
1748,1955
1749,1956
1750,1957
1751,1958
1752,1959
1753,1960
1754,1961
1755,1962
1756,1963
1757,1964
1758,1965
1759,1966
1760,1967
1761,1968
1762,1969
1763,1970
1764,1971
1765,1972
1766,1973
1767,1974
1768,1975
1769,1976
1770,1977
1771,1978
1772,1979
1773,1980
1774,1981
1775,1982
1776,1983
1777,1984
1778,1985
1779,1986
1780,1987
1781,1988
1782,1989
1783,1990
1784,1991
1785,1992
1786,1993
1787,1994
1788,1995
1789,1996
1790,1998
1791,1999
1792,2000
1793,2001
1794,2002
1795,2003
1796,2005
1797,2006
1798,2007
1799,2008
1800,2009
1801,2010
1802,2011
1803,2012
1804,2013
1805,2014
1806,2015
1807,2016
1808,2017
1809,2018
1810,2019
1811,2020
1812,2021
1813,2022
1814,2023
1815,2024
1816,2025
1817,2026
1818,2027
1819,2028
1820,2029
1821,2030
1822,2031
1823,2032
1824,2033
1825,2034
1826,2035
1827,2036
1828,2037
1829,2038
1830,2039
1831,2040
1832,2041
1833,2042
1834,2043
1835,2044
1836,2047
1837,2048
1838,2049
1839,2050
1840,2051
1841,2052
1842,2053
1843,2055
1844,2059
1845,2060
1846,2061
1847,2062
1848,2063
1849,2064
1850,2065
1851,2066
1852,2067
1853,2068
1854,2070
1855,2071
1856,2072
1857,2073
1858,2074
1859,2075
1860,2077
1861,2078
1862,2079
1863,2080
1864,2081
1865,2082
1866,2083
1867,2084
1868,2085
1869,2086
1870,2087
1871,2088
1872,2089
1873,2090
1874,2091
1875,2092
1876,2093
1877,2094
1878,2095
1879,2096
1880,2097
1881,2098
1882,2099
1883,2100
1884,2101
1885,2102
1886,2103
1887,2104
1888,2105
1889,2106
1890,2107
1891,2108
1892,2109
1893,2110
1894,2112
1895,2113
1896,2114
1897,2115
1898,2116
1899,2117
1900,2118
1901,2119
1902,2120
1903,2121
1904,2122
1905,2123
1906,2124
1907,2125
1908,2126
1909,2127
1910,2128
1911,2130
1912,2131
1913,2132
1914,2133
1915,2134
1916,2135
1917,2136
1918,2137
1919,2138
1920,2139
1921,2140
1922,2141
1923,2142
1924,2143
1925,2144
1926,2145
1927,2146
1928,2147
1929,2148
1930,2149
1931,2151
1932,2152
1933,2153
1934,2154
1935,2155
1936,2156
1937,2157
1938,2158
1939,2160
1940,2161
1941,2162
1942,2163
1943,2164
1944,2165
1945,2167
1946,2168
1947,2169
1948,2172
1949,2173
1950,2175
1951,2176
1952,2177
1953,2178
1954,2179
1955,2180
1956,2181
1957,2182
1958,2183
1959,2184
1960,2185
1961,2186
1962,2187
1963,2188
1964,2189
1965,2191
1966,2192
1967,2194
1968,2196
1969,2197
1970,2198
1971,2199
1972,2201
1973,2202
1974,2203
1975,2204
1976,2205
1977,2206
1978,2207
1979,2208
1980,2209
1981,2210
1982,2212
1983,2213
1984,2214
1985,2215
1986,2216
1987,2217
1988,2218
1989,2219
1990,2220
1991,2221
1992,2222
1993,2223
1994,2224
1995,2225
1996,2226
1997,2227
1998,2228
1999,2229
2000,2230
2001,2231
2002,2232
2003,2233
2004,2235
2005,2236
2006,2237
2007,2238
2008,2239
2009,2240
2010,2241
2011,2242
2012,2244
2013,2245
2014,2246
2015,2247
2016,2248
2017,2249
2018,2250
2019,2251
2020,2252
2021,2253
2022,2254
2023,2255
2024,2256
2025,2257
2026,2258
2027,2259
2028,2260
2029,2261
2030,2262
2031,2263
2032,2264
2033,2265
2034,2267
2035,2268
2036,2269
2037,2270
2038,2271
2039,2272
2040,2274
2041,2275
2042,2277
2043,2278
2044,2279
2045,2280
2046,2281
2047,2282
2048,2283
2049,2284
2050,2286
2051,2287
2052,2288
2053,2289
2054,2290
2055,2291
2056,2292
2057,2293
2058,2294
2059,2295
2060,2296
2061,2297
2062,2298
2063,2299
2064,2300
2065,2301
2066,2302
2067,2303
2068,2304
2069,2305
2070,2307
2071,2308
2072,2309
2073,2310
2074,2312
2075,2313
2076,2314
2077,2315
2078,2316
2079,2317
2080,2318
2081,2319
2082,2320
2083,2321
2084,2322
2085,2323
2086,2324
2087,2325
2088,2326
2089,2327
2090,2328
2091,2329
2092,2330
2093,2332
2094,2333
2095,2334
2096,2336
2097,2337
2098,2340
2099,2341
2100,2342
2101,2343
2102,2344
2103,2345
2104,2346
2105,2347
2106,2348
2107,2349
2108,2350
2109,2351
2110,2352
2111,2353
2112,2354
2113,2355
2114,2356
2115,2357
2116,2358
2117,2359
2118,2360
2119,2361
2120,2362
2121,2363
2122,2364
2123,2365
2124,2366
2125,2367
2126,2368
2127,2369
2128,2370
2129,2371
2130,2372
2131,2373
2132,2374
2133,2376
2134,2377
2135,2378
2136,2379
2137,2381
2138,2382
2139,2384
2140,2385
2141,2386
2142,2387
2143,2388
2144,2389
2145,2390
2146,2391
2147,2392
2148,2393
2149,2394
2150,2395
2151,2396
2152,2397
2153,2398
2154,2399
2155,2400
2156,2401
2157,2402
2158,2403
2159,2404
2160,2405
2161,2406
2162,2407
2163,2408
2164,2409
2165,2410
2166,2411
2167,2412
2168,2413
2169,2415
2170,2416
2171,2417
2172,2418
2173,2419
2174,2421
2175,2422
2176,2423
2177,2424
2178,2425
2179,2426
2180,2427
2181,2428
2182,2429
2183,2430
2184,2431
2185,2433
2186,2434
2187,2435
2188,2436
2189,2437
2190,2438
2191,2440
2192,2441
2193,2443
2194,2444
2195,2445
2196,2446
2197,2447
2198,2448
2199,2449
2200,2451
2201,2452
2202,2453
2203,2454
2204,2455
2205,2456
2206,2457
2207,2458
2208,2459
2209,2460
2210,2462
2211,2463
2212,2464
2213,2465
2214,2466
2215,2467
2216,2468
2217,2469
2218,2470
2219,2471
2220,2473
2221,2474
2222,2475
2223,2476
2224,2477
2225,2478
2226,2479
2227,2480
2228,2482
2229,2483
2230,2484
2231,2485
2232,2486
2233,2487
2234,2488
2235,2489
2236,2490
2237,2491
2238,2492
2239,2493
2240,2494
2241,2495
2242,2496
2243,2497
2244,2498
2245,2499
2246,2500
2247,2501
2248,2502
2249,2504
2250,2505
2251,2506
2252,2507
2253,2509
2254,2510
2255,2511
2256,2512
2257,2514
2258,2515
2259,2516
2260,2517
2261,2518
2262,2519
2263,2520
2264,2522
2265,2523
2266,2524
2267,2525
2268,2526
2269,2527
2270,2528
2271,2529
2272,2530
2273,2531
2274,2534
2275,2535
2276,2536
2277,2537
2278,2538
2279,2539
2280,2540
2281,2541
2282,2542
2283,2543
2284,2544
2285,2545
2286,2546
2287,2547
2288,2548
2289,2549
2290,2551
2291,2552
2292,2553
2293,2554
2294,2555
2295,2556
2296,2557
2297,2558
2298,2559
2299,2560
2300,2561
2301,2563
2302,2564
2303,2565
2304,2566
2305,2567
2306,2570
2307,2571
2308,2572
2309,2573
2310,2574
2311,2575
2312,2576
2313,2577
2314,2578
2315,2579
2316,2581
2317,2582
2318,2583
2319,2584
2320,2585
2321,2586
2322,2587
2323,2588
2324,2589
2325,2590
2326,2591
2327,2592
2328,2593
2329,2594
2330,2595
2331,2596
2332,2597
2333,2598
2334,2600
2335,2601
2336,2602
2337,2603
2338,2604
2339,2606
2340,2607
2341,2608
2342,2609
2343,2610
2344,2611
2345,2612
2346,2613
2347,2614
2348,2615
2349,2616
2350,2617
2351,2618
2352,2619
2353,2621
2354,2625
2355,2626
2356,2627
2357,2628
2358,2629
2359,2630
2360,2631
2361,2632
2362,2633
2363,2634
2364,2635
2365,2637
2366,2638
2367,2639
2368,2640
2369,2641
2370,2642
2371,2643
2372,2644
2373,2645
2374,2646
2375,2647
2376,2648
2377,2649
2378,2650
2379,2651
2380,2652
2381,2653
2382,2655
2383,2656
2384,2657
2385,2658
2386,2659
2387,2660
2388,2661
2389,2662
2390,2663
2391,2664
2392,2665
2393,2666
2394,2667
2395,2668
2396,2669
2397,2670
2398,2671
2399,2673
2400,2674
2401,2675
2402,2676
2403,2678
2404,2679
2405,2681
2406,2682
2407,2685
2408,2686
2409,2688
2410,2689
2411,2690
2412,2691
2413,2692
2414,2693
2415,2694
2416,2695
2417,2696
2418,2697
2419,2698
2420,2700
2421,2701
2422,2702
2423,2703
2424,2704
2425,2706
2426,2707
2427,2708
2428,2709
2429,2710
2430,2711
2431,2712
2432,2713
2433,2715
2434,2716
2435,2717
2436,2718
2437,2720
2438,2721
2439,2722
2440,2723
2441,2724
2442,2725
2443,2726
2444,2727
2445,2728
2446,2729
2447,2730
2448,2731
2449,2732
2450,2733
2451,2734
2452,2736
2453,2738
2454,2739
2455,2740
2456,2741
2457,2742
2458,2743
2459,2744
2460,2745
2461,2746
2462,2747
2463,2748
2464,2749
2465,2750
2466,2752
2467,2753
2468,2754
2469,2755
2470,2756
2471,2757
2472,2761
2473,2762
2474,2763
2475,2764
2476,2766
2477,2767
2478,2768
2479,2769
2480,2770
2481,2771
2482,2772
2483,2773
2484,2774
2485,2775
2486,2776
2487,2777
2488,2778
2489,2780
2490,2781
2491,2782
2492,2783
2493,2784
2494,2785
2495,2786
2496,2787
2497,2788
2498,2789
2499,2790
2500,2791
2501,2792
2502,2793
2503,2794
2504,2796
2505,2797
2506,2798
2507,2799
2508,2801
2509,2802
2510,2803
2511,2804
2512,2805
2513,2806
2514,2808
2515,2809
2516,2810
2517,2811
2518,2812
2519,2813
2520,2814
2521,2815
2522,2816
2523,2817
2524,2819
2525,2820
2526,2821
2527,2822
2528,2823
2529,2824
2530,2826
2531,2827
2532,2828
2533,2829
2534,2830
2535,2831
2536,2832
2537,2833
2538,2834
2539,2835
2540,2836
2541,2837
2542,2838
2543,2839
2544,2840
2545,2841
2546,2842
2547,2843
2548,2844
2549,2845
2550,2846
2551,2847
2552,2848
2553,2849
2554,2850
2555,2852
2556,2853
2557,2854
2558,2856
2559,2857
2560,2858
2561,2859
2562,2860
2563,2861
2564,2862
2565,2863
2566,2865
2567,2867
2568,2869
2569,2870
2570,2871
2571,2873
2572,2874
2573,2875
2574,2876
2575,2877
2576,2878
2577,2879
2578,2880
2579,2881
2580,2882
2581,2883
2582,2884
2583,2885
2584,2886
2585,2887
2586,2888
2587,2891
2588,2892
2589,2893
2590,2894
2591,2895
2592,2896
2593,2897
2594,2898
2595,2899
2596,2900
2597,2901
2598,2902
2599,2903
2600,2904
2601,2905
2602,2906
2603,2907
2604,2908
2605,2909
2606,2911
2607,2912
2608,2913
2609,2914
2610,2915
2611,2916
2612,2917
2613,2918
2614,2919
2615,2921
2616,2922
2617,2923
2618,2924
2619,2925
2620,2926
2621,2927
2622,2928
2623,2929
2624,2930
2625,2932
2626,2933
2627,2934
2628,2935
2629,2936
2630,2937
2631,2938
2632,2939
2633,2940
2634,2941
2635,2942
2636,2943
2637,2944
2638,2945
2639,2946
2640,2948
2641,2949
2642,2950
2643,2951
2644,2952
2645,2953
2646,2954
2647,2955
2648,2956
2649,2957
2650,2958
2651,2959
2652,2960
2653,2961
2654,2962
2655,2963
2656,2964
2657,2965
2658,2967
2659,2968
2660,2969
2661,2970
2662,2971
2663,2972
2664,2974
2665,2975
2666,2976
2667,2977
2668,2978
2669,2979
2670,2980
2671,2981
2672,2982
2673,2983
2674,2984
2675,2986
2676,2987
2677,2989
2678,2990
2679,2991
2680,2992
2681,2993
2682,2994
2683,2995
2684,2996
2685,2997
2686,2999
2687,3000
2688,3001
2689,3002
2690,3003
2691,3004
2692,3005
2693,3006
2694,3007
2695,3008
2696,3009
2697,3010
2698,3011
2699,3012
2700,3013
2701,3014
2702,3015
2703,3016
2704,3017
2705,3018
2706,3019
2707,3020
2708,3021
2709,3022
2710,3023
2711,3024
2712,3025
2713,3026
2714,3028
2715,3029
2716,3030
2717,3032
2718,3033
2719,3034
2720,3035
2721,3036
2722,3037
2723,3038
2724,3039
2725,3040
2726,3041
2727,3042
2728,3043
2729,3044
2730,3045
2731,3046
2732,3047
2733,3048
2734,3049
2735,3050
2736,3052
2737,3053
2738,3055
2739,3056
2740,3057
2741,3058
2742,3059
2743,3060
2744,3061
2745,3062
2746,3063
2747,3064
2748,3065
2749,3066
2750,3067
2751,3068
2752,3069
2753,3071
2754,3072
2755,3073
2756,3074
2757,3075
2758,3076
2759,3077
2760,3078
2761,3079
2762,3080
2763,3081
2764,3083
2765,3084
2766,3085
2767,3086
2768,3087
2769,3088
2770,3089
2771,3090
2772,3091
2773,3092
2774,3094
2775,3095
2776,3096
2777,3097
2778,3098
2779,3099
2780,3101
2781,3102
2782,3104
2783,3105
2784,3106
2785,3107
2786,3108
2787,3109
2788,3110
2789,3111
2790,3112
2791,3113
2792,3114
2793,3115
2794,3116
2795,3117
2796,3118
2797,3119
2798,3120
2799,3121
2800,3122
2801,3124
2802,3125
2803,3126
2804,3127
2805,3129
2806,3130
2807,3131
2808,3132
2809,3133
2810,3134
2811,3135
2812,3136
2813,3137
2814,3138
2815,3139
2816,3140
2817,3141
2818,3142
2819,3144
2820,3145
2821,3147
2822,3148
2823,3149
2824,3150
2825,3151
2826,3152
2827,3153
2828,3154
2829,3155
2830,3156
2831,3157
2832,3159
2833,3160
2834,3161
2835,3162
2836,3163
2837,3164
2838,3165
2839,3166
2840,3167
2841,3168
2842,3170
2843,3171
2844,3172
2845,3173
2846,3174
2847,3175
2848,3176
2849,3177
2850,3178
2851,3180
2852,3181
2853,3182
2854,3183
2855,3184
2856,3185
2857,3186
2858,3187
2859,3188
2860,3189
2861,3190
2862,3191
2863,3192
2864,3193
2865,3194
2866,3196
2867,3198
2868,3199
2869,3200
2870,3201
2871,3202
2872,3203
2873,3204
2874,3205
2875,3206
2876,3207
2877,3208
2878,3209
2879,3211
2880,3212
2881,3213
2882,3214
2883,3215
2884,3217
2885,3218
2886,3219
2887,3220
2888,3221
2889,3223
2890,3224
2891,3225
2892,3226
2893,3227
2894,3228
2895,3229
2896,3230
2897,3231
2898,3232
2899,3233
2900,3236
2901,3237
2902,3238
2903,3239
2904,3240
2905,3242
2906,3243
2907,3244
2908,3245
2909,3246
2910,3247
2911,3248
2912,3249
2913,3250
2914,3251
2915,3252
2916,3253
2917,3254
2918,3256
2919,3257
2920,3258
2921,3259
2922,3260
2923,3262
2924,3263
2925,3264
2926,3265
2927,3266
2928,3267
2929,3268
2930,3269
2931,3270
2932,3271
2933,3273
2934,3274
2935,3275
2936,3276
2937,3277
2938,3278
2939,3279
2940,3280
2941,3281
2942,3282
2943,3283
2944,3284
2945,3286
2946,3287
2947,3288
2948,3289
2949,3290
2950,3291
2951,3293
2952,3294
2953,3295
2954,3296
2955,3297
2956,3298
2957,3299
2958,3300
2959,3301
2960,3302
2961,3303
2962,3304
2963,3306
2964,3307
2965,3308
2966,3309
2967,3310
2968,3311
2969,3312
2970,3313
2971,3314
2972,3315
2973,3316
2974,3317
2975,3318
2976,3319
2977,3320
2978,3321
2979,3322
2980,3324
2981,3325
2982,3326
2983,3327
2984,3328
2985,3329
2986,3330
2987,3331
2988,3333
2989,3334
2990,3336
2991,3337
2992,3338
2993,3339
2994,3340
2995,3341
2996,3342
2997,3343
2998,3344
2999,3345
3000,3346
3001,3347
3002,3348
3003,3349
3004,3350
3005,3352
3006,3353
3007,3354
3008,3355
3009,3357
3010,3358
3011,3359
3012,3360
3013,3361
3014,3362
3015,3363
3016,3364
3017,3365
3018,3366
3019,3367
3020,3368
3021,3369
3022,3370
3023,3372
3024,3373
3025,3374
3026,3375
3027,3376
3028,3377
3029,3378
3030,3379
3031,3380
3032,3382
3033,3383
3034,3384
3035,3385
3036,3386
3037,3387
3038,3389
3039,3390
3040,3391
3041,3393
3042,3394
3043,3395
3044,3396
3045,3397
3046,3398
3047,3399
3048,3400
3049,3402
3050,3403
3051,3404
3052,3405
3053,3406
3054,3407
3055,3408
3056,3409
3057,3410
3058,3411
3059,3412
3060,3413
3061,3414
3062,3415
3063,3416
3064,3417
3065,3418
3066,3419
3067,3420
3068,3421
3069,3422
3070,3423
3071,3424
3072,3425
3073,3426
3074,3427
3075,3428
3076,3429
3077,3431
3078,3432
3079,3433
3080,3434
3081,3435
3082,3436
3083,3437
3084,3438
3085,3439
3086,3440
3087,3441
3088,3442
3089,3443
3090,3444
3091,3445
3092,3446
3093,3447
3094,3448
3095,3449
3096,3450
3097,3451
3098,3452
3099,3453
3100,3454
3101,3455
3102,3456
3103,3457
3104,3458
3105,3460
3106,3461
3107,3462
3108,3463
3109,3464
3110,3465
3111,3466
3112,3467
3113,3468
3114,3469
3115,3470
3116,3471
3117,3473
3118,3474
3119,3475
3120,3476
3121,3477
3122,3478
3123,3479
3124,3480
3125,3481
3126,3482
3127,3483
3128,3484
3129,3485
3130,3486
3131,3487
3132,3489
3133,3491
3134,3492
3135,3493
3136,3494
3137,3495
3138,3496
3139,3497
3140,3498
3141,3499
3142,3501
3143,3502
3144,3503
3145,3504
3146,3505
3147,3506
3148,3507
3149,3508
3150,3509
3151,3510
3152,3511
3153,3512
3154,3513
3155,3515
3156,3516
3157,3517
3158,3518
3159,3519
3160,3520
3161,3521
3162,3522
3163,3523
3164,3524
3165,3526
3166,3527
3167,3528
3168,3529
3169,3530
3170,3532
3171,3533
3172,3535
3173,3536
3174,3537
3175,3538
3176,3539
3177,3540
3178,3541
3179,3542
3180,3543
3181,3544
3182,3545
3183,3546
3184,3547
3185,3548
3186,3549
3187,3550
3188,3552
3189,3553
3190,3554
3191,3555
3192,3556
3193,3557
3194,3558
3195,3559
3196,3560
3197,3561
3198,3562
3199,3563
3200,3564
3201,3565
3202,3566
3203,3567
3204,3568
3205,3569
3206,3570
3207,3571
3208,3573
3209,3574
3210,3575
3211,3576
3212,3577
3213,3578
3214,3579
3215,3580
3216,3581
3217,3582
3218,3583
3219,3584
3220,3585
3221,3586
3222,3587
3223,3588
3224,3589
3225,3590
3226,3591
3227,3593
3228,3594
3229,3595
3230,3596
3231,3597
3232,3598
3233,3599
3234,3600
3235,3601
3236,3602
3237,3603
3238,3604
3239,3605
3240,3606
3241,3607
3242,3608
3243,3609
3244,3610
3245,3611
3246,3613
3247,3614
3248,3615
3249,3616
3250,3617
3251,3619
3252,3621
3253,3622
3254,3623
3255,3624
3256,3625
3257,3626
3258,3627
3259,3628
3260,3629
3261,3630
3262,3631
3263,3632
3264,3633
3265,3634
3266,3635
3267,3636
3268,3637
3269,3638
3270,3639
3271,3640
3272,3641
3273,3644
3274,3645
3275,3646
3276,3647
3277,3648
3278,3649
3279,3650
3280,3651
3281,3653
3282,3654
3283,3655
3284,3656
3285,3657
3286,3658
3287,3659
3288,3660
3289,3661
3290,3662
3291,3663
3292,3664
3293,3666
3294,3667
3295,3668
3296,3669
3297,3670
3298,3671
3299,3672
3300,3673
3301,3674
3302,3675
3303,3676
3304,3677
3305,3678
3306,3679
3307,3680
3308,3681
3309,3684
3310,3685
3311,3686
3312,3687
3313,3688
3314,3689
3315,3690
3316,3691
3317,3692
3318,3693
3319,3694
3320,3695
3321,3696
3322,3697
3323,3698
3324,3700
3325,3701
3326,3703
3327,3706
3328,3707
3329,3708
3330,3709
3331,3710
3332,3711
3333,3712
3334,3713
3335,3715
3336,3716
3337,3717
3338,3718
3339,3719
3340,3721
3341,3722
3342,3723
3343,3724
3344,3725
3345,3726
3346,3727
3347,3728
3348,3730
3349,3731
3350,3732
3351,3733
3352,3734
3353,3735
3354,3736
3355,3737
3356,3738
3357,3739
3358,3740
3359,3742
3360,3743
3361,3744
3362,3745
3363,3746
3364,3747
3365,3748
3366,3750
3367,3751
3368,3752
3369,3753
3370,3754
3371,3755
3372,3756
3373,3757
3374,3758
3375,3759
3376,3760
3377,3762
3378,3763
3379,3764
3380,3765
3381,3766
3382,3767
3383,3768
3384,3769
3385,3770
3386,3771
3387,3772
3388,3773
3389,3775
3390,3776
3391,3778
3392,3779
3393,3780
3394,3781
3395,3782
3396,3783
3397,3784
3398,3785
3399,3786
3400,3787
3401,3789
3402,3790
3403,3791
3404,3792
3405,3793
3406,3795
3407,3796
3408,3797
3409,3798
3410,3799
3411,3800
3412,3801
3413,3803
3414,3804
3415,3805
3416,3806
3417,3807
3418,3808
3419,3809
3420,3810
3421,3811
3422,3812
3423,3813
3424,3814
3425,3815
3426,3816
3427,3817
3428,3818
3429,3819
3430,3820
3431,3821
3432,3823
3433,3824
3434,3825
3435,3826
3436,3827
3437,3828
3438,3829
3439,3831
3440,3832
3441,3833
3442,3835
3443,3836
3444,3837
3445,3838
3446,3840
3447,3841
3448,3842
3449,3843
3450,3844
3451,3845
3452,3846
3453,3847
3454,3848
3455,3849
3456,3850
3457,3851
3458,3852
3459,3853
3460,3854
3461,3855
3462,3856
3463,3858
3464,3859
3465,3860
3466,3861
3467,3862
3468,3863
3469,3864
3470,3865
3471,3866
3472,3867
3473,3868
3474,3869
3475,3870
3476,3871
3477,3872
3478,3873
3479,3874
3480,3875
3481,3876
3482,3877
3483,3879
3484,3880
3485,3881
3486,3882
3487,3883
3488,3884
3489,3885
3490,3886
3491,3887
3492,3888
3493,3889
3494,3891
3495,3892
3496,3893
3497,3894
3498,3895
3499,3896
3500,3899
3501,3901
3502,3902
3503,3903
3504,3904
3505,3906
3506,3907
3507,3908
3508,3909
3509,3910
3510,3911
3511,3914
3512,3915
3513,3917
3514,3918
3515,3919
3516,3920
3517,3921
3518,3922
3519,3923
3520,3925
3521,3926
3522,3927
3523,3928
3524,3929
3525,3930
3526,3931
3527,3932
3528,3933
3529,3934
3530,3935
3531,3936
3532,3937
3533,3938
3534,3940
3535,3941
3536,3942
3537,3943
3538,3944
3539,3945
3540,3946
3541,3947
3542,3948
3543,3949
3544,3950
3545,3951
3546,3952
3547,3954
3548,3955
3549,3956
3550,3957
3551,3959
3552,3960
3553,3961
3554,3962
3555,3963
3556,3964
3557,3965
3558,3966
3559,3968
3560,3969
3561,3970
3562,3971
3563,3972
3564,3973
3565,3974
3566,3975
3567,3976
3568,3977
3569,3978
3570,3979
3571,3980
3572,3981
3573,3982
3574,3983
3575,3984
3576,3985
3577,3986
3578,3987
3579,3988
3580,3989
3581,3990
3582,3991
3583,3992
3584,3993
3585,3994
3586,3995
3587,3996
3588,3997
3589,3998
3590,4000
3591,4001
3592,4002
3593,4003
3594,4004
3595,4005
3596,4006
3597,4007
3598,4009
3599,4010
3600,4011
3601,4012
3602,4013
3603,4014
3604,4015
3605,4016
3606,4017
3607,4018
3608,4019
3609,4020
3610,4021
3611,4022
3612,4023
3613,4024
3614,4025
3615,4026
3616,4027
3617,4028
3618,4029
3619,4030
3620,4031
3621,4032
3622,4033
3623,4034
3624,4035
3625,4036
3626,4037
3627,4038
3628,4039
3629,4040
3630,4041
3631,4042
3632,4043
3633,4044
3634,4045
3635,4046
3636,4047
3637,4048
3638,4049
3639,4050
3640,4051
3641,4052
3642,4053
3643,4054
3644,4055
3645,4056
3646,4057
3647,4058
3648,4059
3649,4060
3650,4062
3651,4063
3652,4064
3653,4065
3654,4066
3655,4067
3656,4069
3657,4070
3658,4071
3659,4072
3660,4073
3661,4075
3662,4076
3663,4077
3664,4078
3665,4079
3666,4080
3667,4081
3668,4082
3669,4083
3670,4084
3671,4085
3672,4086
3673,4087
3674,4088
3675,4089
3676,4092
3677,4093
3678,4094
3679,4096
3680,4097
3681,4098
3682,4099
3683,4101
3684,4102
3685,4104
3686,4105
3687,4106
3688,4107
3689,4108
3690,4109
3691,4110
3692,4111
3693,4112
3694,4113
3695,4114
3696,4115
3697,4116
3698,4117
3699,4118
3700,4119
3701,4120
3702,4121
3703,4122
3704,4123
3705,4125
3706,4126
3707,4127
3708,4128
3709,4129
3710,4130
3711,4131
3712,4132
3713,4133
3714,4134
3715,4135
3716,4136
3717,4137
3718,4138
3719,4139
3720,4140
3721,4141
3722,4143
3723,4144
3724,4145
3725,4146
3726,4147
3727,4148
3728,4151
3729,4152
3730,4153
3731,4154
3732,4155
3733,4156
3734,4157
3735,4158
3736,4159
3737,4160
3738,4162
3739,4163
3740,4164
3741,4165
3742,4166
3743,4167
3744,4168
3745,4169
3746,4170
3747,4171
3748,4172
3749,4173
3750,4174
3751,4175
3752,4176
3753,4177
3754,4178
3755,4179
3756,4180
3757,4181
3758,4182
3759,4183
3760,4184
3761,4185
3762,4186
3763,4187
3764,4188
3765,4189
3766,4191
3767,4192
3768,4193
3769,4194
3770,4195
3771,4196
3772,4197
3773,4198
3774,4199
3775,4200
3776,4202
3777,4203
3778,4204
3779,4205
3780,4206
3781,4207
3782,4208
3783,4209
3784,4210
3785,4211
3786,4212
3787,4213
3788,4216
3789,4217
3790,4218
3791,4219
3792,4220
3793,4221
3794,4222
3795,4223
3796,4224
3797,4225
3798,4226
3799,4227
3800,4228
3801,4229
3802,4230
3803,4231
3804,4232
3805,4233
3806,4235
3807,4236
3808,4237
3809,4238
3810,4239
3811,4240
3812,4241
3813,4242
3814,4243
3815,4244
3816,4245
3817,4246
3818,4247
3819,4248
3820,4249
3821,4250
3822,4251
3823,4252
3824,4253
3825,4254
3826,4255
3827,4256
3828,4257
3829,4258
3830,4259
3831,4260
3832,4261
3833,4262
3834,4263
3835,4264
3836,4265
3837,4266
3838,4267
3839,4268
3840,4269
3841,4270
3842,4271
3843,4272
3844,4273
3845,4275
3846,4276
3847,4277
3848,4278
3849,4279
3850,4280
3851,4281
3852,4282
3853,4283
3854,4284
3855,4285
3856,4286
3857,4287
3858,4288
3859,4289
3860,4290
3861,4291
3862,4292
3863,4293
3864,4294
3865,4295
3866,4296
3867,4297
3868,4298
3869,4299
3870,4300
3871,4301
3872,4302
3873,4303
3874,4304
3875,4305
3876,4306
3877,4307
3878,4308
3879,4309
3880,4311
3881,4312
3882,4313
3883,4314
3884,4315
3885,4316
3886,4317
3887,4318
3888,4319
3889,4320
3890,4321
3891,4322
3892,4323
3893,4325
3894,4326
3895,4327
3896,4328
3897,4329
3898,4330
3899,4331
3900,4332
3901,4333
3902,4335
3903,4336
3904,4337
3905,4338
3906,4339
3907,4340
3908,4341
3909,4342
3910,4343
3911,4344
3912,4345
3913,4346
3914,4347
3915,4348
3916,4350
3917,4351
3918,4352
3919,4353
3920,4354
3921,4355
3922,4356
3923,4357
3924,4358
3925,4359
3926,4360
3927,4361
3928,4362
3929,4363
3930,4364
3931,4365
3932,4367
3933,4369
3934,4370
3935,4371
3936,4372
3937,4373
3938,4374
3939,4375
3940,4376
3941,4377
3942,4378
3943,4379
3944,4380
3945,4381
3946,4382
3947,4383
3948,4384
3949,4385
3950,4386
3951,4387
3952,4388
3953,4389
3954,4390
3955,4391
3956,4392
3957,4393
3958,4394
3959,4396
3960,4397
3961,4398
3962,4399
3963,4400
3964,4401
3965,4402
3966,4403
3967,4404
3968,4405
3969,4408
3970,4409
3971,4410
3972,4411
3973,4412
3974,4413
3975,4414
3976,4416
3977,4417
3978,4418
3979,4419
3980,4420
3981,4421
3982,4422
3983,4423
3984,4424
3985,4425
3986,4427
3987,4428
3988,4429
3989,4430
3990,4431
3991,4432
3992,4433
3993,4434
3994,4436
3995,4437
3996,4438
3997,4439
3998,4440
3999,4441
4000,4443
4001,4444
4002,4445
4003,4446
4004,4448
4005,4449
4006,4450
4007,4451
4008,4453
4009,4455
4010,4456
4011,4457
4012,4458
4013,4459
4014,4460
4015,4461
4016,4462
4017,4463
4018,4464
4019,4465
4020,4466
4021,4467
4022,4468
4023,4469
4024,4470
4025,4471
4026,4473
4027,4475
4028,4476
4029,4477
4030,4478
4031,4479
4032,4480
4033,4481
4034,4482
4035,4483
4036,4485
4037,4486
4038,4487
4039,4488
4040,4489
4041,4490
4042,4491
4043,4492
4044,4493
4045,4494
4046,4495
4047,4496
4048,4498
4049,4499
4050,4500
4051,4501
4052,4502
4053,4503
4054,4504
4055,4505
4056,4506
4057,4508
4058,4509
4059,4510
4060,4511
4061,4512
4062,4513
4063,4514
4064,4515
4065,4517
4066,4518
4067,4519
4068,4520
4069,4521
4070,4522
4071,4523
4072,4524
4073,4525
4074,4526
4075,4527
4076,4529
4077,4530
4078,4531
4079,4532
4080,4533
4081,4534
4082,4535
4083,4536
4084,4537
4085,4538
4086,4539
4087,4540
4088,4541
4089,4542
4090,4543
4091,4544
4092,4545
4093,4546
4094,4547
4095,4548
4096,4549
4097,4550
4098,4551
4099,4553
4100,4554
4101,4555
4102,4556
4103,4557
4104,4558
4105,4559
4106,4561
4107,4562
4108,4563
4109,4564
4110,4565
4111,4566
4112,4567
4113,4568
4114,4570
4115,4571
4116,4572
4117,4573
4118,4574
4119,4575
4120,4576
4121,4577
4122,4578
4123,4579
4124,4580
4125,4581
4126,4582
4127,4583
4128,4584
4129,4585
4130,4586
4131,4587
4132,4588
4133,4589
4134,4590
4135,4591
4136,4592
4137,4593
4138,4594
4139,4596
4140,4597
4141,4598
4142,4599
4143,4600
4144,4601
4145,4602
4146,4603
4147,4604
4148,4605
4149,4606
4150,4607
4151,4609
4152,4610
4153,4611
4154,4612
4155,4613
4156,4614
4157,4615
4158,4616
4159,4617
4160,4618
4161,4619
4162,4620
4163,4621
4164,4622
4165,4623
4166,4624
4167,4625
4168,4626
4169,4628
4170,4629
4171,4630
4172,4631
4173,4632
4174,4633
4175,4634
4176,4635
4177,4636
4178,4637
4179,4639
4180,4640
4181,4641
4182,4642
4183,4643
4184,4644
4185,4645
4186,4646
4187,4647
4188,4649
4189,4650
4190,4651
4191,4652
4192,4653
4193,4654
4194,4655
4195,4656
4196,4657
4197,4658
4198,4659
4199,4660
4200,4661
4201,4662
4202,4663
4203,4664
4204,4666
4205,4667
4206,4668
4207,4669
4208,4670
4209,4671
4210,4672
4211,4673
4212,4674
4213,4675
4214,4676
4215,4677
4216,4678
4217,4679
4218,4680
4219,4682
4220,4683
4221,4684
4222,4685
4223,4686
4224,4688
4225,4689
4226,4690
4227,4691
4228,4692
4229,4693
4230,4694
4231,4695
4232,4696
4233,4697
4234,4698
4235,4699
4236,4700
4237,4701
4238,4702
4239,4703
4240,4704
4241,4705
4242,4706
4243,4707
4244,4708
4245,4709
4246,4710
4247,4711
4248,4713
4249,4714
4250,4715
4251,4716
4252,4719
4253,4720
4254,4721
4255,4722
4256,4723
4257,4724
4258,4725
4259,4726
4260,4727
4261,4728
4262,4729
4263,4730
4264,4731
4265,4732
4266,4733
4267,4734
4268,4735
4269,4736
4270,4737
4271,4738
4272,4739
4273,4740
4274,4741
4275,4742
4276,4743
4277,4744
4278,4745
4279,4746
4280,4747
4281,4748
4282,4749
4283,4751
4284,4752
4285,4753
4286,4754
4287,4755
4288,4756
4289,4757
4290,4758
4291,4760
4292,4761
4293,4762
4294,4763
4295,4764
4296,4765
4297,4767
4298,4768
4299,4769
4300,4770
4301,4771
4302,4772
4303,4773
4304,4774
4305,4775
4306,4776
4307,4778
4308,4779
4309,4780
4310,4781
4311,4782
4312,4783
4313,4784
4314,4785
4315,4787
4316,4788
4317,4789
4318,4791
4319,4792
4320,4793
4321,4795
4322,4796
4323,4797
4324,4798
4325,4799
4326,4800
4327,4801
4328,4802
4329,4803
4330,4804
4331,4805
4332,4806
4333,4807
4334,4808
4335,4809
4336,4811
4337,4812
4338,4813
4339,4814
4340,4815
4341,4816
4342,4817
4343,4818
4344,4821
4345,4822
4346,4823
4347,4824
4348,4825
4349,4826
4350,4827
4351,4828
4352,4829
4353,4830
4354,4831
4355,4832
4356,4833
4357,4834
4358,4835
4359,4836
4360,4837
4361,4838
4362,4839
4363,4840
4364,4841
4365,4842
4366,4843
4367,4844
4368,4845
4369,4846
4370,4848
4371,4849
4372,4850
4373,4851
4374,4852
4375,4853
4376,4854
4377,4855
4378,4856
4379,4857
4380,4858
4381,4861
4382,4862
4383,4864
4384,4865
4385,4866
4386,4867
4387,4868
4388,4869
4389,4870
4390,4871
4391,4872
4392,4873
4393,4874
4394,4875
4395,4876
4396,4877
4397,4878
4398,4879
4399,4880
4400,4881
4401,4882
4402,4883
4403,4884
4404,4885
4405,4887
4406,4888
4407,4889
4408,4890
4409,4891
4410,4892
4411,4893
4412,4894
4413,4895
4414,4896
4415,4897
4416,4898
4417,4899
4418,4900
4419,4902
4420,4903
4421,4904
4422,4905
4423,4906
4424,4907
4425,4908
4426,4909
4427,4910
4428,4911
4429,4912
4430,4913
4431,4914
4432,4916
4433,4917
4434,4918
4435,4919
4436,4921
4437,4922
4438,4923
4439,4925
4440,4926
4441,4927
4442,4928
4443,4929
4444,4930
4445,4931
4446,4932
4447,4933
4448,4934
4449,4935
4450,4936
4451,4937
4452,4938
4453,4940
4454,4941
4455,4942
4456,4943
4457,4944
4458,4945
4459,4946
4460,4947
4461,4948
4462,4949
4463,4950
4464,4951
4465,4952
4466,4953
4467,4954
4468,4955
4469,4956
4470,4957
4471,4958
4472,4959
4473,4960
4474,4961
4475,4962
4476,4963
4477,4964
4478,4965
4479,4966
4480,4967
4481,4968
4482,4969
4483,4970
4484,4972
4485,4973
4486,4974
4487,4975
4488,4976
4489,4977
4490,4978
4491,4980
4492,4981
4493,4982
4494,4983
4495,4984
4496,4985
4497,4986
4498,4987
4499,4988
4500,4990
4501,4991
4502,4993
4503,4994
4504,4995
4505,4996
4506,4997
4507,4998
4508,4999
4509,5000
4510,5002
4511,5003
4512,5004
4513,5005
4514,5006
4515,5007
4516,5008
4517,5009
4518,5010
4519,5011
4520,5012
4521,5013
4522,5014
4523,5015
4524,5016
4525,5019
4526,5020
4527,5021
4528,5022
4529,5023
4530,5025
4531,5026
4532,5027
4533,5028
4534,5029
4535,5030
4536,5031
4537,5032
4538,5033
4539,5034
4540,5035
4541,5036
4542,5038
4543,5039
4544,5040
4545,5041
4546,5042
4547,5043
4548,5044
4549,5045
4550,5046
4551,5047
4552,5048
4553,5049
4554,5051
4555,5052
4556,5053
4557,5054
4558,5055
4559,5056
4560,5057
4561,5058
4562,5059
4563,5060
4564,5061
4565,5062
4566,5064
4567,5065
4568,5066
4569,5067
4570,5068
4571,5069
4572,5070
4573,5071
4574,5072
4575,5073
4576,5074
4577,5075
4578,5076
4579,5077
4580,5078
4581,5079
4582,5081
4583,5082
4584,5083
4585,5085
4586,5087
4587,5088
4588,5089
4589,5090
4590,5091
4591,5093
4592,5094
4593,5095
4594,5098
4595,5099
4596,5100
4597,5101
4598,5102
4599,5103
4600,5104
4601,5106
4602,5107
4603,5109
4604,5110
4605,5111
4606,5112
4607,5113
4608,5114
4609,5115
4610,5116
4611,5117
4612,5118
4613,5119
4614,5120
4615,5121
4616,5122
4617,5123
4618,5124
4619,5125
4620,5126
4621,5127
4622,5128
4623,5129
4624,5130
4625,5131
4626,5132
4627,5133
4628,5134
4629,5135
4630,5136
4631,5137
4632,5138
4633,5139
4634,5140
4635,5141
4636,5142
4637,5143
4638,5144
4639,5145
4640,5146
4641,5147
4642,5149
4643,5150
4644,5151
4645,5152
4646,5153
4647,5155
4648,5156
4649,5157
4650,5158
4651,5159
4652,5160
4653,5161
4654,5162
4655,5163
4656,5164
4657,5165
4658,5166
4659,5168
4660,5169
4661,5170
4662,5171
4663,5172
4664,5173
4665,5174
4666,5175
4667,5177
4668,5178
4669,5179
4670,5180
4671,5181
4672,5182
4673,5183
4674,5184
4675,5185
4676,5186
4677,5187
4678,5189
4679,5190
4680,5191
4681,5192
4682,5193
4683,5195
4684,5196
4685,5197
4686,5198
4687,5199
4688,5201
4689,5202
4690,5203
4691,5205
4692,5206
4693,5207
4694,5208
4695,5209
4696,5210
4697,5211
4698,5212
4699,5213
4700,5214
4701,5215
4702,5216
4703,5217
4704,5218
4705,5219
4706,5220
4707,5221
4708,5222
4709,5223
4710,5224
4711,5226
4712,5227
4713,5228
4714,5229
4715,5230
4716,5231
4717,5232
4718,5233
4719,5234
4720,5235
4721,5236
4722,5238
4723,5239
4724,5240
4725,5241
4726,5242
4727,5243
4728,5244
4729,5245
4730,5246
4731,5247
4732,5248
4733,5249
4734,5250
4735,5251
4736,5252
4737,5253
4738,5254
4739,5256
4740,5257
4741,5258
4742,5259
4743,5261
4744,5262
4745,5263
4746,5264
4747,5265
4748,5267
4749,5268
4750,5269
4751,5270
4752,5271
4753,5272
4754,5273
4755,5274
4756,5275
4757,5277
4758,5278
4759,5279
4760,5280
4761,5282
4762,5283
4763,5284
4764,5285
4765,5286
4766,5287
4767,5288
4768,5292
4769,5293
4770,5294
4771,5296
4772,5297
4773,5298
4774,5300
4775,5301
4776,5303
4777,5304
4778,5305
4779,5306
4780,5308
4781,5309
4782,5310
4783,5311
4784,5312
4785,5314
4786,5315
4787,5316
4788,5317
4789,5318
4790,5319
4791,5320
4792,5321
4793,5322
4794,5323
4795,5324
4796,5325
4797,5327
4798,5328
4799,5329
4800,5330
4801,5331
4802,5333
4803,5334
4804,5335
4805,5336
4806,5337
4807,5338
4808,5339
4809,5341
4810,5342
4811,5343
4812,5344
4813,5345
4814,5346
4815,5347
4816,5348
4817,5350
4818,5351
4819,5352
4820,5353
4821,5354
4822,5355
4823,5356
4824,5357
4825,5358
4826,5359
4827,5360
4828,5361
4829,5363
4830,5364
4831,5365
4832,5366
4833,5367
4834,5368
4835,5369
4836,5370
4837,5371
4838,5372
4839,5374
4840,5375
4841,5377
4842,5378
4843,5379
4844,5380
4845,5382
4846,5383
4847,5384
4848,5385
4849,5386
4850,5388
4851,5389
4852,5391
4853,5392
4854,5394
4855,5395
4856,5396
4857,5397
4858,5398
4859,5399
4860,5400
4861,5401
4862,5402
4863,5403
4864,5404
4865,5405
4866,5406
4867,5407
4868,5409
4869,5410
4870,5411
4871,5412
4872,5413
4873,5414
4874,5415
4875,5416
4876,5417
4877,5418
4878,5420
4879,5421
4880,5424
4881,5425
4882,5426
4883,5427
4884,5428
4885,5429
4886,5430
4887,5432
4888,5433
4889,5434
4890,5435
4891,5436
4892,5437
4893,5438
4894,5439
4895,5440
4896,5441
4897,5442
4898,5443
4899,5444
4900,5445
4901,5446
4902,5447
4903,5449
4904,5450
4905,5451
4906,5452
4907,5453
4908,5454
4909,5455
4910,5456
4911,5457
4912,5458
4913,5459
4914,5460
4915,5462
4916,5463
4917,5464
4918,5465
4919,5466
4920,5467
4921,5468
4922,5470
4923,5471
4924,5472
4925,5473
4926,5474
4927,5475
4928,5476
4929,5477
4930,5479
4931,5480
4932,5481
4933,5482
4934,5483
4935,5484
4936,5485
4937,5486
4938,5488
4939,5489
4940,5490
4941,5491
4942,5493
4943,5494
4944,5496
4945,5497
4946,5498
4947,5499
4948,5500
4949,5501
4950,5502
4951,5503
4952,5504
4953,5505
4954,5506
4955,5507
4956,5508
4957,5509
4958,5510
4959,5511
4960,5512
4961,5513
4962,5514
4963,5515
4964,5516
4965,5517
4966,5518
4967,5519
4968,5520
4969,5521
4970,5522
4971,5523
4972,5524
4973,5525
4974,5526
4975,5528
4976,5529
4977,5530
4978,5531
4979,5532
4980,5533
4981,5534
4982,5535
4983,5536
4984,5538
4985,5540
4986,5541
4987,5542
4988,5543
4989,5544
4990,5545
4991,5546
4992,5547
4993,5548
4994,5549
4995,5550
4996,5551
4997,5552
4998,5553
4999,5554
5000,5556
5001,5557
5002,5558
5003,5559
5004,5561
5005,5562
5006,5563
5007,5564
5008,5565
5009,5566
5010,5567
5011,5568
5012,5569
5013,5571
5014,5572
5015,5573
5016,5574
5017,5575
5018,5576
5019,5577
5020,5578
5021,5579
5022,5580
5023,5581
5024,5582
5025,5583
5026,5584
5027,5585
5028,5586
5029,5587
5030,5588
5031,5589
5032,5590
5033,5591
5034,5593
5035,5595
5036,5597
5037,5600
5038,5601
5039,5602
5040,5603
5041,5604
5042,5605
5043,5606
5044,5607
5045,5608
5046,5609
5047,5610
5048,5611
5049,5612
5050,5613
5051,5614
5052,5615
5053,5616
5054,5617
5055,5618
5056,5619
5057,5620
5058,5621
5059,5622
5060,5623
5061,5624
5062,5625
5063,5626
5064,5627
5065,5628
5066,5629
5067,5631
5068,5632
5069,5633
5070,5634
5071,5635
5072,5636
5073,5637
5074,5638
5075,5639
5076,5641
5077,5642
5078,5643
5079,5644
5080,5645
5081,5646
5082,5647
5083,5649
5084,5650
5085,5651
5086,5652
5087,5653
5088,5654
5089,5655
5090,5656
5091,5657
5092,5658
5093,5659
5094,5660
5095,5661
5096,5662
5097,5663
5098,5664
5099,5665
5100,5666
5101,5667
5102,5668
5103,5669
5104,5670
5105,5671
5106,5672
5107,5673
5108,5674
5109,5675
5110,5676
5111,5679
5112,5680
5113,5681
5114,5682
5115,5683
5116,5684
5117,5685
5118,5686
5119,5687
5120,5688
5121,5689
5122,5690
5123,5691
5124,5692
5125,5693
5126,5694
5127,5695
5128,5696
5129,5697
5130,5698
5131,5699
5132,5700
5133,5701
5134,5703
5135,5704
5136,5705
5137,5706
5138,5707
5139,5708
5140,5709
5141,5710
5142,5712
5143,5713
5144,5714
5145,5715
5146,5716
5147,5717
5148,5718
5149,5719
5150,5720
5151,5721
5152,5722
5153,5724
5154,5725
5155,5726
5156,5727
5157,5728
5158,5729
5159,5730
5160,5731
5161,5732
5162,5733
5163,5734
5164,5735
5165,5736
5166,5737
5167,5738
5168,5739
5169,5740
5170,5741
5171,5742
5172,5743
5173,5744
5174,5745
5175,5746
5176,5747
5177,5748
5178,5749
5179,5750
5180,5751
5181,5754
5182,5755
5183,5757
5184,5758
5185,5759
5186,5760
5187,5761
5188,5762
5189,5764
5190,5765
5191,5766
5192,5767
5193,5769
5194,5770
5195,5771
5196,5772
5197,5773
5198,5775
5199,5776
5200,5778
5201,5779
5202,5780
5203,5781
5204,5784
5205,5785
5206,5786
5207,5787
5208,5788
5209,5789
5210,5790
5211,5791
5212,5792
5213,5794
5214,5795
5215,5796
5216,5797
5217,5798
5218,5800
5219,5801
5220,5802
5221,5803
5222,5804
5223,5805
5224,5806
5225,5807
5226,5808
5227,5810
5228,5811
5229,5812
5230,5813
5231,5814
5232,5815
5233,5816
5234,5817
5235,5818
5236,5819
5237,5820
5238,5821
5239,5824
5240,5825
5241,5826
5242,5827
5243,5828
5244,5829
5245,5830
5246,5831
5247,5832
5248,5833
5249,5834
5250,5835
5251,5836
5252,5837
5253,5838
5254,5839
5255,5840
5256,5841
5257,5842
5258,5844
5259,5845
5260,5846
5261,5847
5262,5848
5263,5849
5264,5850
5265,5851
5266,5852
5267,5853
5268,5854
5269,5856
5270,5857
5271,5858
5272,5859
5273,5860
5274,5861
5275,5863
5276,5864
5277,5865
5278,5866
5279,5867
5280,5868
5281,5869
5282,5870
5283,5871
5284,5872
5285,5873
5286,5874
5287,5875
5288,5876
5289,5877
5290,5878
5291,5879
5292,5880
5293,5881
5294,5882
5295,5883
5296,5884
5297,5885
5298,5887
5299,5888
5300,5889
5301,5890
5302,5891
5303,5892
5304,5893
5305,5894
5306,5895
5307,5896
5308,5897
5309,5898
5310,5899
5311,5900
5312,5901
5313,5902
5314,5903
5315,5904
5316,5905
5317,5906
5318,5907
5319,5908
5320,5909
5321,5911
5322,5912
5323,5913
5324,5914
5325,5916
5326,5917
5327,5918
5328,5919
5329,5920
5330,5921
5331,5922
5332,5923
5333,5925
5334,5926
5335,5929
5336,5930
5337,5931
5338,5933
5339,5934
5340,5935
5341,5936
5342,5937
5343,5938
5344,5939
5345,5940
5346,5941
5347,5942
5348,5943
5349,5944
5350,5945
5351,5946
5352,5947
5353,5948
5354,5949
5355,5950
5356,5952
5357,5953
5358,5954
5359,5955
5360,5957
5361,5958
5362,5959
5363,5960
5364,5961
5365,5963
5366,5964
5367,5965
5368,5966
5369,5967
5370,5968
5371,5969
5372,5970
5373,5971
5374,5972
5375,5973
5376,5974
5377,5976
5378,5977
5379,5978
5380,5979
5381,5980
5382,5981
5383,5982
5384,5983
5385,5984
5386,5985
5387,5986
5388,5987
5389,5988
5390,5989
5391,5990
5392,5991
5393,5992
5394,5993
5395,5994
5396,5995
5397,5996
5398,5997
5399,5998
5400,5999
5401,6000
5402,6001
5403,6002
5404,6003
5405,6004
5406,6005
5407,6006
5408,6007
5409,6009
5410,6010
5411,6011
5412,6012
5413,6013
5414,6014
5415,6015
5416,6016
5417,6017
5418,6018
5419,6019
5420,6020
5421,6021
5422,6022
5423,6023
5424,6024
5425,6025
5426,6026
5427,6027
5428,6028
5429,6029
5430,6030
5431,6031
5432,6032
5433,6033
5434,6034
5435,6035
5436,6036
5437,6037
5438,6038
5439,6039
5440,6040
5441,6041
5442,6042
5443,6043
5444,6044
5445,6045
5446,6046
5447,6047
5448,6048
5449,6049
5450,6050
5451,6051
5452,6052
5453,6053
5454,6054
5455,6055
5456,6056
5457,6057
5458,6058
5459,6060
5460,6061
5461,6062
5462,6063
5463,6064
5464,6065
5465,6066
5466,6067
5467,6068
5468,6069
5469,6070
5470,6071
5471,6072
5472,6073
5473,6074
5474,6075
5475,6076
5476,6077
5477,6078
5478,6079
5479,6080
5480,6082
5481,6083
5482,6084
5483,6086
5484,6087
5485,6088
5486,6089
5487,6090
5488,6091
5489,6092
5490,6093
5491,6094
5492,6095
5493,6096
5494,6097
5495,6098
5496,6101
5497,6103
5498,6104
5499,6105
5500,6106
5501,6107
5502,6109
5503,6110
5504,6111
5505,6112
5506,6114
5507,6115
5508,6116
5509,6119
5510,6120
5511,6121
5512,6122
5513,6123
5514,6125
5515,6126
5516,6127
5517,6128
5518,6129
5519,6130
5520,6131
5521,6132
5522,6133
5523,6134
5524,6135
5525,6136
5526,6137
5527,6138
5528,6139
5529,6140
5530,6141
5531,6142
5532,6143
5533,6145
5534,6146
5535,6147
5536,6148
5537,6149
5538,6151
5539,6152
5540,6153
5541,6155
5542,6156
5543,6157
5544,6158
5545,6159
5546,6160
5547,6161
5548,6162
5549,6163
5550,6164
5551,6165
5552,6166
5553,6167
5554,6168
5555,6169
5556,6170
5557,6171
5558,6172
5559,6173
5560,6175
5561,6176
5562,6177
5563,6178
5564,6179
5565,6180
5566,6181
5567,6182
5568,6184
5569,6185
5570,6186
5571,6187
5572,6188
5573,6189
5574,6190
5575,6191
5576,6192
5577,6193
5578,6194
5579,6195
5580,6196
5581,6197
5582,6198
5583,6199
5584,6200
5585,6202
5586,6203
5587,6204
5588,6205
5589,6207
5590,6208
5591,6209
5592,6210
5593,6211
5594,6212
5595,6213
5596,6214
5597,6215
5598,6216
5599,6218
5600,6219
5601,6220
5602,6221
5603,6222
5604,6223
5605,6224
5606,6225
5607,6226
5608,6227
5609,6228
5610,6229
5611,6230
5612,6231
5613,6232
5614,6233
5615,6234
5616,6235
5617,6237
5618,6238
5619,6239
5620,6240
5621,6241
5622,6242
5623,6243
5624,6244
5625,6246
5626,6247
5627,6248
5628,6249
5629,6250
5630,6251
5631,6252
5632,6253
5633,6254
5634,6255
5635,6256
5636,6257
5637,6258
5638,6259
5639,6260
5640,6261
5641,6262
5642,6263
5643,6264
5644,6265
5645,6266
5646,6267
5647,6268
5648,6269
5649,6270
5650,6272
5651,6273
5652,6274
5653,6276
5654,6277
5655,6280
5656,6282
5657,6283
5658,6284
5659,6285
5660,6286
5661,6287
5662,6288
5663,6289
5664,6290
5665,6291
5666,6292
5667,6293
5668,6294
5669,6295
5670,6297
5671,6298
5672,6299
5673,6300
5674,6302
5675,6303
5676,6304
5677,6305
5678,6306
5679,6308
5680,6309
5681,6310
5682,6311
5683,6312
5684,6313
5685,6314
5686,6315
5687,6316
5688,6317
5689,6318
5690,6319
5691,6320
5692,6321
5693,6322
5694,6323
5695,6324
5696,6325
5697,6326
5698,6327
5699,6328
5700,6329
5701,6330
5702,6331
5703,6332
5704,6333
5705,6334
5706,6336
5707,6337
5708,6338
5709,6339
5710,6340
5711,6341
5712,6342
5713,6344
5714,6345
5715,6346
5716,6347
5717,6348
5718,6349
5719,6350
5720,6351
5721,6352
5722,6353
5723,6354
5724,6355
5725,6356
5726,6357
5727,6358
5728,6359
5729,6360
5730,6361
5731,6362
5732,6363
5733,6364
5734,6365
5735,6366
5736,6368
5737,6370
5738,6371
5739,6372
5740,6373
5741,6374
5742,6376
5743,6377
5744,6379
5745,6380
5746,6381
5747,6382
5748,6383
5749,6384
5750,6386
5751,6387
5752,6388
5753,6389
5754,6391
5755,6392
5756,6393
5757,6394
5758,6395
5759,6396
5760,6399
5761,6400
5762,6401
5763,6403
5764,6404
5765,6405
5766,6406
5767,6407
5768,6408
5769,6409
5770,6410
5771,6411
5772,6412
5773,6413
5774,6414
5775,6415
5776,6416
5777,6417
5778,6418
5779,6419
5780,6420
5781,6421
5782,6422
5783,6423
5784,6424
5785,6425
5786,6426
5787,6427
5788,6428
5789,6429
5790,6430
5791,6431
5792,6432
5793,6433
5794,6434
5795,6435
5796,6436
5797,6437
5798,6438
5799,6439
5800,6441
5801,6442
5802,6443
5803,6444
5804,6445
5805,6446
5806,6447
5807,6448
5808,6449
5809,6450
5810,6451
5811,6452
5812,6453
5813,6454
5814,6456
5815,6457
5816,6458
5817,6459
5818,6460
5819,6461
5820,6462
5821,6463
5822,6464
5823,6465
5824,6466
5825,6467
5826,6468
5827,6469
5828,6470
5829,6471
5830,6472
5831,6474
5832,6475
5833,6478
5834,6480
5835,6481
5836,6482
5837,6483
5838,6484
5839,6485
5840,6486
5841,6487
5842,6488
5843,6489
5844,6490
5845,6491
5846,6492
5847,6493
5848,6494
5849,6495
5850,6496
5851,6497
5852,6498
5853,6499
5854,6500
5855,6502
5856,6503
5857,6504
5858,6505
5859,6506
5860,6507
5861,6508
5862,6510
5863,6511
5864,6513
5865,6514
5866,6515
5867,6516
5868,6517
5869,6519
5870,6520
5871,6521
5872,6522
5873,6523
5874,6524
5875,6525
5876,6526
5877,6527
5878,6528
5879,6529
5880,6530
5881,6531
5882,6533
5883,6534
5884,6535
5885,6537
5886,6538
5887,6539
5888,6541
5889,6542
5890,6544
5891,6545
5892,6546
5893,6547
5894,6548
5895,6549
5896,6550
5897,6551
5898,6552
5899,6553
5900,6554
5901,6556
5902,6557
5903,6558
5904,6559
5905,6560
5906,6562
5907,6563
5908,6564
5909,6565
5910,6566
5911,6567
5912,6568
5913,6569
5914,6570
5915,6571
5916,6572
5917,6573
5918,6574
5919,6575
5920,6576
5921,6577
5922,6578
5923,6579
5924,6580
5925,6581
5926,6582
5927,6583
5928,6584
5929,6585
5930,6587
5931,6588
5932,6589
5933,6590
5934,6591
5935,6592
5936,6593
5937,6594
5938,6595
5939,6596
5940,6599
5941,6600
5942,6601
5943,6603
5944,6604
5945,6605
5946,6606
5947,6607
5948,6608
5949,6609
5950,6610
5951,6611
5952,6612
5953,6613
5954,6614
5955,6615
5956,6616
5957,6617
5958,6618
5959,6619
5960,6620
5961,6621
5962,6622
5963,6623
5964,6625
5965,6626
5966,6627
5967,6629
5968,6631
5969,6632
5970,6633
5971,6634
5972,6635
5973,6636
5974,6637
5975,6638
5976,6640
5977,6641
5978,6642
5979,6643
5980,6644
5981,6645
5982,6647
5983,6649
5984,6650
5985,6651
5986,6652
5987,6654
5988,6655
5989,6656
5990,6657
5991,6658
5992,6659
5993,6660
5994,6661
5995,6662
5996,6663
5997,6664
5998,6665
5999,6667
6000,6668
6001,6669
6002,6670
6003,6671
6004,6672
6005,6673
6006,6674
6007,6675
6008,6676
6009,6677
6010,6679
6011,6680
6012,6682
6013,6683
6014,6684
6015,6685
6016,6686
6017,6687
6018,6688
6019,6689
6020,6691
6021,6692
6022,6693
6023,6694
6024,6695
6025,6696
6026,6697
6027,6698
6028,6699
6029,6700
6030,6701
6031,6702
6032,6703
6033,6704
6034,6705
6035,6706
6036,6708
6037,6709
6038,6710
6039,6711
6040,6712
6041,6713
6042,6714
6043,6715
6044,6716
6045,6717
6046,6718
6047,6719
6048,6720
6049,6721
6050,6722
6051,6723
6052,6724
6053,6725
6054,6726
6055,6727
6056,6728
6057,6729
6058,6730
6059,6731
6060,6732
6061,6733
6062,6734
6063,6735
6064,6736
6065,6737
6066,6738
6067,6739
6068,6740
6069,6743
6070,6744
6071,6745
6072,6747
6073,6748
6074,6750
6075,6751
6076,6752
6077,6753
6078,6754
6079,6756
6080,6757
6081,6758
6082,6759
6083,6760
6084,6762
6085,6763
6086,6765
6087,6766
6088,6767
6089,6768
6090,6769
6091,6770
6092,6773
6093,6774
6094,6775
6095,6777
6096,6779
6097,6780
6098,6781
6099,6782
6100,6783
6101,6784
6102,6785
6103,6786
6104,6787
6105,6788
6106,6789
6107,6790
6108,6791
6109,6792
6110,6793
6111,6794
6112,6795
6113,6796
6114,6797
6115,6798
6116,6799
6117,6800
6118,6801
6119,6802
6120,6803
6121,6804
6122,6805
6123,6806
6124,6807
6125,6808
6126,6809
6127,6810
6128,6811
6129,6812
6130,6813
6131,6814
6132,6815
6133,6816
6134,6817
6135,6818
6136,6819
6137,6821
6138,6823
6139,6824
6140,6825
6141,6826
6142,6827
6143,6828
6144,6829
6145,6830
6146,6831
6147,6832
6148,6833
6149,6834
6150,6835
6151,6836
6152,6837
6153,6838
6154,6839
6155,6840
6156,6841
6157,6842
6158,6843
6159,6844
6160,6845
6161,6846
6162,6849
6163,6850
6164,6851
6165,6852
6166,6854
6167,6855
6168,6856
6169,6857
6170,6858
6171,6859
6172,6860
6173,6861
6174,6862
6175,6863
6176,6864
6177,6865
6178,6866
6179,6867
6180,6868
6181,6869
6182,6870
6183,6871
6184,6872
6185,6873
6186,6874
6187,6875
6188,6876
6189,6877
6190,6878
6191,6879
6192,6880
6193,6881
6194,6882
6195,6883
6196,6884
6197,6886
6198,6887
6199,6888
6200,6889
6201,6890
6202,6892
6203,6893
6204,6894
6205,6895
6206,6896
6207,6897
6208,6898
6209,6899
6210,6900
6211,6901
6212,6902
6213,6903
6214,6904
6215,6905
6216,6906
6217,6908
6218,6909
6219,6910
6220,6911
6221,6912
6222,6913
6223,6914
6224,6915
6225,6916
6226,6917
6227,6918
6228,6919
6229,6920
6230,6921
6231,6922
6232,6924
6233,6925
6234,6926
6235,6927
6236,6929
6237,6930
6238,6931
6239,6933
6240,6934
6241,6935
6242,6936
6243,6937
6244,6938
6245,6939
6246,6940
6247,6941
6248,6942
6249,6944
6250,6945
6251,6946
6252,6947
6253,6948
6254,6950
6255,6951
6256,6952
6257,6953
6258,6955
6259,6956
6260,6957
6261,6958
6262,6959
6263,6960
6264,6962
6265,6963
6266,6964
6267,6965
6268,6967
6269,6968
6270,6969
6271,6970
6272,6971
6273,6972
6274,6973
6275,6974
6276,6975
6277,6976
6278,6977
6279,6978
6280,6979
6281,6980
6282,6981
6283,6982
6284,6983
6285,6984
6286,6985
6287,6986
6288,6988
6289,6989
6290,6990
6291,6991
6292,6992
6293,6993
6294,6994
6295,6995
6296,6996
6297,6997
6298,6999
6299,7000
6300,7001
6301,7002
6302,7003
6303,7004
6304,7005
6305,7006
6306,7007
6307,7008
6308,7009
6309,7010
6310,7011
6311,7012
6312,7014
6313,7015
6314,7016
6315,7017
6316,7018
6317,7019
6318,7020
6319,7021
6320,7022
6321,7023
6322,7024
6323,7025
6324,7026
6325,7027
6326,7028
6327,7029
6328,7030
6329,7031
6330,7032
6331,7033
6332,7034
6333,7035
6334,7036
6335,7037
6336,7038
6337,7040
6338,7042
6339,7043
6340,7045
6341,7046
6342,7047
6343,7048
6344,7049
6345,7050
6346,7051
6347,7052
6348,7053
6349,7054
6350,7055
6351,7056
6352,7057
6353,7058
6354,7059
6355,7060
6356,7061
6357,7062
6358,7063
6359,7064
6360,7065
6361,7066
6362,7067
6363,7068
6364,7069
6365,7072
6366,7073
6367,7074
6368,7075
6369,7076
6370,7077
6371,7078
6372,7079
6373,7080
6374,7083
6375,7084
6376,7086
6377,7087
6378,7088
6379,7089
6380,7090
6381,7091
6382,7092
6383,7093
6384,7094
6385,7095
6386,7096
6387,7097
6388,7098
6389,7099
6390,7100
6391,7101
6392,7102
6393,7103
6394,7104
6395,7105
6396,7106
6397,7107
6398,7108
6399,7109
6400,7110
6401,7111
6402,7112
6403,7114
6404,7115
6405,7116
6406,7117
6407,7118
6408,7119
6409,7120
6410,7121
6411,7122
6412,7123
6413,7124
6414,7125
6415,7126
6416,7128
6417,7129
6418,7130
6419,7131
6420,7132
6421,7133
6422,7134
6423,7135
6424,7136
6425,7137
6426,7138
6427,7139
6428,7140
6429,7142
6430,7143
6431,7144
6432,7145
6433,7146
6434,7147
6435,7148
6436,7149
6437,7150
6438,7151
6439,7152
6440,7153
6441,7154
6442,7155
6443,7156
6444,7157
6445,7158
6446,7159
6447,7160
6448,7161
6449,7162
6450,7164
6451,7165
6452,7166
6453,7167
6454,7168
6455,7169
6456,7170
6457,7171
6458,7172
6459,7173
6460,7174
6461,7175
6462,7176
6463,7177
6464,7179
6465,7180
6466,7181
6467,7182
6468,7183
6469,7184
6470,7185
6471,7186
6472,7187
6473,7188
6474,7189
6475,7191
6476,7192
6477,7193
6478,7194
6479,7195
6480,7196
6481,7197
6482,7198
6483,7199
6484,7200
6485,7201
6486,7202
6487,7203
6488,7204
6489,7205
6490,7206
6491,7207
6492,7208
6493,7209
6494,7210
6495,7211
6496,7212
6497,7214
6498,7215
6499,7216
6500,7218
6501,7219
6502,7220
6503,7222
6504,7223
6505,7224
6506,7225
6507,7226
6508,7227
6509,7229
6510,7230
6511,7231
6512,7232
6513,7233
6514,7234
6515,7235
6516,7236
6517,7237
6518,7238
6519,7240
6520,7241
6521,7242
6522,7243
6523,7245
6524,7246
6525,7247
6526,7248
6527,7249
6528,7250
6529,7251
6530,7252
6531,7253
6532,7255
6533,7256
6534,7257
6535,7258
6536,7259
6537,7261
6538,7262
6539,7263
6540,7264
6541,7265
6542,7266
6543,7267
6544,7269
6545,7270
6546,7271
6547,7274
6548,7275
6549,7276
6550,7277
6551,7278
6552,7279
6553,7280
6554,7282
6555,7283
6556,7284
6557,7285
6558,7286
6559,7287
6560,7288
6561,7290
6562,7291
6563,7292
6564,7293
6565,7294
6566,7295
6567,7296
6568,7297
6569,7298
6570,7299
6571,7301
6572,7302
6573,7303
6574,7304
6575,7305
6576,7306
6577,7307
6578,7308
6579,7309
6580,7311
6581,7312
6582,7313
6583,7314
6584,7315
6585,7316
6586,7317
6587,7318
6588,7319
6589,7321
6590,7324
6591,7325
6592,7326
6593,7327
6594,7328
6595,7329
6596,7330
6597,7331
6598,7332
6599,7333
6600,7334
6601,7335
6602,7336
6603,7337
6604,7338
6605,7339
6606,7340
6607,7341
6608,7342
6609,7343
6610,7344
6611,7345
6612,7346
6613,7347
6614,7348
6615,7349
6616,7350
6617,7351
6618,7352
6619,7353
6620,7354
6621,7355
6622,7356
6623,7357
6624,7359
6625,7360
6626,7361
6627,7362
6628,7364
6629,7365
6630,7366
6631,7367
6632,7368
6633,7369
6634,7370
6635,7371
6636,7372
6637,7373
6638,7375
6639,7376
6640,7377
6641,7378
6642,7379
6643,7380
6644,7381
6645,7382
6646,7383
6647,7384
6648,7385
6649,7387
6650,7388
6651,7389
6652,7391
6653,7392
6654,7393
6655,7395
6656,7396
6657,7397
6658,7398
6659,7399
6660,7400
6661,7401
6662,7402
6663,7403
6664,7404
6665,7405
6666,7407
6667,7408
6668,7409
6669,7410
6670,7411
6671,7412
6672,7413
6673,7414
6674,7415
6675,7417
6676,7418
6677,7419
6678,7420
6679,7421
6680,7422
6681,7423
6682,7424
6683,7426
6684,7427
6685,7428
6686,7429
6687,7430
6688,7431
6689,7432
6690,7433
6691,7434
6692,7435
6693,7436
6694,7437
6695,7438
6696,7439
6697,7440
6698,7441
6699,7443
6700,7444
6701,7445
6702,7446
6703,7447
6704,7449
6705,7450
6706,7451
6707,7452
6708,7453
6709,7454
6710,7456
6711,7457
6712,7458
6713,7460
6714,7461
6715,7462
6716,7463
6717,7464
6718,7466
6719,7467
6720,7468
6721,7469
6722,7470
6723,7471
6724,7472
6725,7473
6726,7475
6727,7476
6728,7477
6729,7478
6730,7479
6731,7480
6732,7481
6733,7482
6734,7483
6735,7484
6736,7485
6737,7486
6738,7487
6739,7488
6740,7489
6741,7490
6742,7491
6743,7492
6744,7493
6745,7494
6746,7495
6747,7497
6748,7498
6749,7499
6750,7500
6751,7502
6752,7503
6753,7504
6754,7505
6755,7506
6756,7508
6757,7509
6758,7510
6759,7511
6760,7512
6761,7513
6762,7514
6763,7516
6764,7517
6765,7518
6766,7520
6767,7521
6768,7522
6769,7523
6770,7524
6771,7525
6772,7526
6773,7527
6774,7528
6775,7529
6776,7530
6777,7531
6778,7532
6779,7533
6780,7534
6781,7535
6782,7536
6783,7537
6784,7538
6785,7539
6786,7540
6787,7541
6788,7542
6789,7543
6790,7544
6791,7545
6792,7546
6793,7547
6794,7548
6795,7549
6796,7551
6797,7552
6798,7553
6799,7554
6800,7555
6801,7556
6802,7557
6803,7558
6804,7559
6805,7561
6806,7562
6807,7563
6808,7564
6809,7565
6810,7566
6811,7568
6812,7570
6813,7571
6814,7572
6815,7573
6816,7574
6817,7575
6818,7576
6819,7577
6820,7578
6821,7579
6822,7580
6823,7581
6824,7582
6825,7583
6826,7584
6827,7585
6828,7586
6829,7587
6830,7588
6831,7589
6832,7590
6833,7591
6834,7592
6835,7593
6836,7595
6837,7596
6838,7597
6839,7598
6840,7599
6841,7600
6842,7601
6843,7602
6844,7603
6845,7604
6846,7605
6847,7606
6848,7607
6849,7608
6850,7609
6851,7610
6852,7611
6853,7612
6854,7613
6855,7614
6856,7615
6857,7616
6858,7617
6859,7618
6860,7619
6861,7620
6862,7621
6863,7622
6864,7623
6865,7624
6866,7625
6867,7626
6868,7627
6869,7628
6870,7629
6871,7630
6872,7631
6873,7632
6874,7633
6875,7635
6876,7636
6877,7637
6878,7638
6879,7639
6880,7640
6881,7641
6882,7642
6883,7644
6884,7645
6885,7646
6886,7647
6887,7648
6888,7649
6889,7650
6890,7652
6891,7653
6892,7654
6893,7655
6894,7656
6895,7657
6896,7658
6897,7659
6898,7660
6899,7663
6900,7664
6901,7665
6902,7666
6903,7667
6904,7668
6905,7669
6906,7670
6907,7671
6908,7672
6909,7673
6910,7674
6911,7675
6912,7676
6913,7678
6914,7679
6915,7681
6916,7682
6917,7683
6918,7684
6919,7685
6920,7686
6921,7687
6922,7689
6923,7690
6924,7691
6925,7692
6926,7693
6927,7694
6928,7695
6929,7696
6930,7697
6931,7698
6932,7699
6933,7701
6934,7702
6935,7703
6936,7704
6937,7705
6938,7706
6939,7707
6940,7708
6941,7710
6942,7711
6943,7712
6944,7714
6945,7715
6946,7716
6947,7719
6948,7720
6949,7721
6950,7722
6951,7723
6952,7724
6953,7725
6954,7726
6955,7727
6956,7729
6957,7730
6958,7731
6959,7733
6960,7734
6961,7735
6962,7737
6963,7738
6964,7739
6965,7740
6966,7741
6967,7742
6968,7743
6969,7744
6970,7745
6971,7746
6972,7747
6973,7748
6974,7749
6975,7750
6976,7751
6977,7752
6978,7754
6979,7755
6980,7756
6981,7757
6982,7758
6983,7759
6984,7760
6985,7761
6986,7762
6987,7763
6988,7764
6989,7765
6990,7766
6991,7768
6992,7769
6993,7770
6994,7771
6995,7772
6996,7773
6997,7774
6998,7775
6999,7777
7000,7778
7001,7780
7002,7781
7003,7782
7004,7783
7005,7784
7006,7785
7007,7786
7008,7787
7009,7789
7010,7790
7011,7792
7012,7793
7013,7794
7014,7795
7015,7796
7016,7797
7017,7798
7018,7799
7019,7800
7020,7801
7021,7802
7022,7803
7023,7804
7024,7805
7025,7807
7026,7808
7027,7809
7028,7810
7029,7811
7030,7812
7031,7813
7032,7814
7033,7815
7034,7816
7035,7817
7036,7819
7037,7820
7038,7821
7039,7822
7040,7823
7041,7824
7042,7826
7043,7827
7044,7828
7045,7829
7046,7830
7047,7831
7048,7832
7049,7833
7050,7834
7051,7835
7052,7836
7053,7838
7054,7839
7055,7840
7056,7841
7057,7842
7058,7843
7059,7844
7060,7845
7061,7846
7062,7848
7063,7850
7064,7851
7065,7852
7066,7853
7067,7854
7068,7855
7069,7857
7070,7858
7071,7859
7072,7860
7073,7861
7074,7862
7075,7863
7076,7865
7077,7866
7078,7867
7079,7870
7080,7871
7081,7872
7082,7874
7083,7875
7084,7876
7085,7877
7086,7878
7087,7879
7088,7880
7089,7881
7090,7882
7091,7883
7092,7884
7093,7885
7094,7886
7095,7887
7096,7888
7097,7889
7098,7890
7099,7891
7100,7892
7101,7893
7102,7894
7103,7895
7104,7896
7105,7897
7106,7898
7107,7899
7108,7900
7109,7903
7110,7904
7111,7905
7112,7906
7113,7907
7114,7909
7115,7910
7116,7911
7117,7912
7118,7913
7119,7914
7120,7915
7121,7916
7122,7917
7123,7918
7124,7919
7125,7920
7126,7922
7127,7923
7128,7924
7129,7925
7130,7926
7131,7927
7132,7928
7133,7929
7134,7930
7135,7931
7136,7932
7137,7933
7138,7934
7139,7935
7140,7936
7141,7937
7142,7938
7143,7939
7144,7940
7145,7942
7146,7943
7147,7945
7148,7947
7149,7949
7150,7950
7151,7951
7152,7952
7153,7953
7154,7955
7155,7956
7156,7957
7157,7958
7158,7959
7159,7960
7160,7962
7161,7963
7162,7964
7163,7965
7164,7966
7165,7967
7166,7968
7167,7969
7168,7970
7169,7971
7170,7972
7171,7973
7172,7974
7173,7975
7174,7978
7175,7980
7176,7981
7177,7982
7178,7983
7179,7984
7180,7985
7181,7986
7182,7987
7183,7988
7184,7989
7185,7990
7186,7991
7187,7992
7188,7993
7189,7994
7190,7995
7191,7996
7192,7997
7193,7998
7194,7999
7195,8000
7196,8002
7197,8003
7198,8004
7199,8005
7200,8006
7201,8008
7202,8009
7203,8010
7204,8011
7205,8012
7206,8013
7207,8014
7208,8015
7209,8016
7210,8017
7211,8018
7212,8020
7213,8021
7214,8022
7215,8023
7216,8024
7217,8025
7218,8026
7219,8027
7220,8028
7221,8029
7222,8031
7223,8032
7224,8033
7225,8034
7226,8035
7227,8036
7228,8037
7229,8038
7230,8039
7231,8040
7232,8041
7233,8042
7234,8043
7235,8044
7236,8045
7237,8046
7238,8047
7239,8048
7240,8049
7241,8050
7242,8051
7243,8052
7244,8054
7245,8055
7246,8056
7247,8057
7248,8058
7249,8059
7250,8060
7251,8061
7252,8062
7253,8063
7254,8064
7255,8065
7256,8066
7257,8067
7258,8068
7259,8069
7260,8071
7261,8072
7262,8073
7263,8074
7264,8075
7265,8076
7266,8077
7267,8079
7268,8080
7269,8082
7270,8083
7271,8084
7272,8085
7273,8086
7274,8087
7275,8088
7276,8089
7277,8090
7278,8091
7279,8092
7280,8093
7281,8094
7282,8095
7283,8096
7284,8097
7285,8098
7286,8099
7287,8100
7288,8101
7289,8102
7290,8103
7291,8104
7292,8105
7293,8106
7294,8107
7295,8108
7296,8110
7297,8111
7298,8112
7299,8113
7300,8114
7301,8115
7302,8116
7303,8118
7304,8119
7305,8121
7306,8122
7307,8123
7308,8124
7309,8125
7310,8126
7311,8127
7312,8128
7313,8129
7314,8130
7315,8131
7316,8132
7317,8134
7318,8135
7319,8136
7320,8137
7321,8138
7322,8139
7323,8140
7324,8141
7325,8142
7326,8143
7327,8144
7328,8145
7329,8146
7330,8147
7331,8148
7332,8149
7333,8150
7334,8151
7335,8152
7336,8153
7337,8154
7338,8155
7339,8156
7340,8157
7341,8158
7342,8159
7343,8160
7344,8161
7345,8162
7346,8163
7347,8164
7348,8165
7349,8166
7350,8167
7351,8169
7352,8170
7353,8172
7354,8173
7355,8174
7356,8175
7357,8176
7358,8177
7359,8178
7360,8179
7361,8180
7362,8181
7363,8182
7364,8183
7365,8185
7366,8187
7367,8188
7368,8189
7369,8190
7370,8191
7371,8192
7372,8193
7373,8194
7374,8195
7375,8196
7376,8197
7377,8199
7378,8201
7379,8202
7380,8203
7381,8204
7382,8205
7383,8206
7384,8207
7385,8208
7386,8209
7387,8210
7388,8211
7389,8212
7390,8213
7391,8214
7392,8215
7393,8216
7394,8217
7395,8218
7396,8219
7397,8221
7398,8222
7399,8224
7400,8226
7401,8227
7402,8228
7403,8230
7404,8231
7405,8232
7406,8233
7407,8235
7408,8236
7409,8238
7410,8239
7411,8240
7412,8241
7413,8242
7414,8243
7415,8244
7416,8247
7417,8248
7418,8249
7419,8250
7420,8251
7421,8252
7422,8254
7423,8255
7424,8256
7425,8257
7426,8258
7427,8259
7428,8260
7429,8261
7430,8262
7431,8263
7432,8264
7433,8265
7434,8266
7435,8267
7436,8268
7437,8269
7438,8270
7439,8271
7440,8272
7441,8273
7442,8274
7443,8275
7444,8276
7445,8277
7446,8278
7447,8279
7448,8280
7449,8282
7450,8283
7451,8284
7452,8285
7453,8286
7454,8287
7455,8288
7456,8289
7457,8290
7458,8291
7459,8292
7460,8293
7461,8294
7462,8295
7463,8297
7464,8298
7465,8299
7466,8300
7467,8301
7468,8302
7469,8303
7470,8304
7471,8307
7472,8308
7473,8309
7474,8310
7475,8311
7476,8312
7477,8313
7478,8314
7479,8315
7480,8316
7481,8317
7482,8318
7483,8319
7484,8320
7485,8321
7486,8322
7487,8323
7488,8325
7489,8326
7490,8327
7491,8328
7492,8329
7493,8330
7494,8331
7495,8332
7496,8333
7497,8334
7498,8335
7499,8336
7500,8337
7501,8338
7502,8339
7503,8340
7504,8341
7505,8342
7506,8343
7507,8344
7508,8346
7509,8347
7510,8348
7511,8349
7512,8350
7513,8351
7514,8352
7515,8353
7516,8354
7517,8355
7518,8356
7519,8357
7520,8358
7521,8359
7522,8360
7523,8361
7524,8362
7525,8363
7526,8364
7527,8365
7528,8367
7529,8368
7530,8369
7531,8370
7532,8371
7533,8372
7534,8373
7535,8374
7536,8375
7537,8376
7538,8378
7539,8379
7540,8380
7541,8381
7542,8382
7543,8383
7544,8384
7545,8386
7546,8387
7547,8388
7548,8389
7549,8390
7550,8391
7551,8392
7552,8393
7553,8394
7554,8395
7555,8396
7556,8397
7557,8398
7558,8399
7559,8400
7560,8401
7561,8402
7562,8403
7563,8404
7564,8405
7565,8408
7566,8409
7567,8410
7568,8411
7569,8412
7570,8413
7571,8414
7572,8415
7573,8417
7574,8418
7575,8419
7576,8420
7577,8421
7578,8422
7579,8423
7580,8424
7581,8425
7582,8426
7583,8427
7584,8430
7585,8431
7586,8432
7587,8433
7588,8434
7589,8435
7590,8436
7591,8438
7592,8439
7593,8440
7594,8441
7595,8442
7596,8443
7597,8445
7598,8446
7599,8447
7600,8448
7601,8449
7602,8450
7603,8451
7604,8453
7605,8454
7606,8455
7607,8456
7608,8457
7609,8458
7610,8459
7611,8460
7612,8461
7613,8462
7614,8463
7615,8464
7616,8465
7617,8466
7618,8468
7619,8469
7620,8470
7621,8471
7622,8473
7623,8474
7624,8475
7625,8476
7626,8477
7627,8478
7628,8479
7629,8480
7630,8481
7631,8483
7632,8484
7633,8485
7634,8486
7635,8487
7636,8488
7637,8489
7638,8490
7639,8491
7640,8492
7641,8493
7642,8495
7643,8496
7644,8497
7645,8498
7646,8499
7647,8500
7648,8501
7649,8502
7650,8503
7651,8504
7652,8506
7653,8508
7654,8509
7655,8510
7656,8511
7657,8512
7658,8513
7659,8514
7660,8515
7661,8516
7662,8517
7663,8518
7664,8519
7665,8520
7666,8522
7667,8523
7668,8524
7669,8525
7670,8526
7671,8528
7672,8529
7673,8530
7674,8531
7675,8532
7676,8533
7677,8534
7678,8535
7679,8536
7680,8537
7681,8538
7682,8540
7683,8542
7684,8543
7685,8544
7686,8545
7687,8546
7688,8547
7689,8548
7690,8549
7691,8550
7692,8552
7693,8553
7694,8554
7695,8555
7696,8556
7697,8557
7698,8558
7699,8559
7700,8560
7701,8562
7702,8563
7703,8564
7704,8565
7705,8566
7706,8567
7707,8568
7708,8569
7709,8570
7710,8571
7711,8572
7712,8573
7713,8574
7714,8575
7715,8576
7716,8577
7717,8579
7718,8580
7719,8581
7720,8582
7721,8583
7722,8584
7723,8585
7724,8586
7725,8588
7726,8589
7727,8590
7728,8591
7729,8592
7730,8596
7731,8597
7732,8600
7733,8601
7734,8602
7735,8603
7736,8604
7737,8605
7738,8606
7739,8607
7740,8609
7741,8610
7742,8611
7743,8612
7744,8614
7745,8615
7746,8616
7747,8617
7748,8618
7749,8620
7750,8621
7751,8622
7752,8623
7753,8624
7754,8625
7755,8626
7756,8628
7757,8629
7758,8630
7759,8631
7760,8632
7761,8633
7762,8634
7763,8635
7764,8636
7765,8637
7766,8638
7767,8639
7768,8640
7769,8641
7770,8642
7771,8644
7772,8645
7773,8646
7774,8647
7775,8648
7776,8649
7777,8650
7778,8651
7779,8652
7780,8653
7781,8655
7782,8656
7783,8657
7784,8659
7785,8660
7786,8661
7787,8662
7788,8664
7789,8665
7790,8666
7791,8667
7792,8669
7793,8670
7794,8671
7795,8672
7796,8673
7797,8674
7798,8675
7799,8676
7800,8677
7801,8678
7802,8679
7803,8680
7804,8681
7805,8682
7806,8684
7807,8685
7808,8686
7809,8687
7810,8688
7811,8689
7812,8690
7813,8691
7814,8692
7815,8693
7816,8694
7817,8695
7818,8696
7819,8697
7820,8698
7821,8699
7822,8700
7823,8701
7824,8702
7825,8703
7826,8705
7827,8706
7828,8707
7829,8708
7830,8709
7831,8710
7832,8711
7833,8712
7834,8713
7835,8714
7836,8715
7837,8716
7838,8717
7839,8718
7840,8719
7841,8720
7842,8721
7843,8722
7844,8723
7845,8724
7846,8725
7847,8726
7848,8727
7849,8728
7850,8729
7851,8731
7852,8732
7853,8733
7854,8734
7855,8735
7856,8736
7857,8737
7858,8738
7859,8739
7860,8740
7861,8741
7862,8742
7863,8744
7864,8745
7865,8746
7866,8747
7867,8748
7868,8749
7869,8750
7870,8751
7871,8753
7872,8754
7873,8755
7874,8756
7875,8757
7876,8758
7877,8759
7878,8760
7879,8761
7880,8762
7881,8763
7882,8764
7883,8765
7884,8766
7885,8767
7886,8768
7887,8769
7888,8770
7889,8771
7890,8772
7891,8773
7892,8774
7893,8775
7894,8777
7895,8778
7896,8779
7897,8780
7898,8781
7899,8782
7900,8783
7901,8784
7902,8785
7903,8786
7904,8787
7905,8788
7906,8789
7907,8790
7908,8791
7909,8792
7910,8793
7911,8794
7912,8795
7913,8796
7914,8797
7915,8798
7916,8799
7917,8800
7918,8801
7919,8802
7920,8803
7921,8804
7922,8806
7923,8807
7924,8808
7925,8809
7926,8811
7927,8812
7928,8813
7929,8814
7930,8816
7931,8817
7932,8818
7933,8819
7934,8821
7935,8822
7936,8823
7937,8825
7938,8826
7939,8827
7940,8828
7941,8829
7942,8832
7943,8833
7944,8834
7945,8835
7946,8836
7947,8837
7948,8838
7949,8839
7950,8840
7951,8841
7952,8842
7953,8843
7954,8844
7955,8846
7956,8847
7957,8849
7958,8850
7959,8851
7960,8852
7961,8853
7962,8854
7963,8855
7964,8856
7965,8857
7966,8858
7967,8859
7968,8860
7969,8861
7970,8862
7971,8863
7972,8864
7973,8865
7974,8866
7975,8867
7976,8868
7977,8870
7978,8871
7979,8872
7980,8873
7981,8875
7982,8876
7983,8877
7984,8878
7985,8879
7986,8880
7987,8881
7988,8882
7989,8884
7990,8885
7991,8886
7992,8887
7993,8888
7994,8889
7995,8890
7996,8891
7997,8892
7998,8893
7999,8894
8000,8895
8001,8896
8002,8897
8003,8898
8004,8900
8005,8901
8006,8902
8007,8904
8008,8905
8009,8906
8010,8907
8011,8908
8012,8910
8013,8911
8014,8912
8015,8913
8016,8914
8017,8915
8018,8916
8019,8917
8020,8918
8021,8919
8022,8920
8023,8921
8024,8923
8025,8924
8026,8925
8027,8927
8028,8928
8029,8929
8030,8930
8031,8931
8032,8932
8033,8933
8034,8934
8035,8935
8036,8936
8037,8937
8038,8938
8039,8939
8040,8940
8041,8941
8042,8942
8043,8943
8044,8944
8045,8945
8046,8946
8047,8947
8048,8949
8049,8950
8050,8951
8051,8952
8052,8953
8053,8954
8054,8955
8055,8956
8056,8957
8057,8958
8058,8959
8059,8960
8060,8962
8061,8963
8062,8964
8063,8965
8064,8966
8065,8967
8066,8968
8067,8969
8068,8970
8069,8971
8070,8972
8071,8973
8072,8974
8073,8975
8074,8976
8075,8977
8076,8978
8077,8979
8078,8980
8079,8981
8080,8982
8081,8983
8082,8984
8083,8985
8084,8986
8085,8987
8086,8988
8087,8989
8088,8991
8089,8992
8090,8993
8091,8995
8092,8997
8093,8998
8094,8999
8095,9000
8096,9001
8097,9002
8098,9004
8099,9005
8100,9006
8101,9007
8102,9008
8103,9009
8104,9011
8105,9013
8106,9014
8107,9016
8108,9017
8109,9018
8110,9019
8111,9020
8112,9021
8113,9022
8114,9023
8115,9024
8116,9026
8117,9028
8118,9029
8119,9030
8120,9031
8121,9033
8122,9034
8123,9035
8124,9036
8125,9037
8126,9038
8127,9039
8128,9040
8129,9041
8130,9042
8131,9043
8132,9044
8133,9045
8134,9046
8135,9047
8136,9049
8137,9050
8138,9051
8139,9052
8140,9053
8141,9054
8142,9055
8143,9056
8144,9057
8145,9058
8146,9059
8147,9060
8148,9061
8149,9062
8150,9063
8151,9064
8152,9065
8153,9066
8154,9067
8155,9068
8156,9069
8157,9070
8158,9071
8159,9072
8160,9073
8161,9074
8162,9075
8163,9076
8164,9077
8165,9078
8166,9079
8167,9080
8168,9082
8169,9083
8170,9084
8171,9085
8172,9086
8173,9087
8174,9089
8175,9090
8176,9091
8177,9093
8178,9094
8179,9095
8180,9096
8181,9097
8182,9098
8183,9099
8184,9100
8185,9101
8186,9102
8187,9104
8188,9105
8189,9106
8190,9107
8191,9108
8192,9110
8193,9111
8194,9112
8195,9113
8196,9114
8197,9115
8198,9116
8199,9117
8200,9118
8201,9119
8202,9120
8203,9123
8204,9124
8205,9125
8206,9126
8207,9127
8208,9128
8209,9129
8210,9130
8211,9131
8212,9133
8213,9134
8214,9135
8215,9136
8216,9137
8217,9138
8218,9139
8219,9140
8220,9141
8221,9142
8222,9143
8223,9144
8224,9145
8225,9146
8226,9147
8227,9148
8228,9149
8229,9150
8230,9151
8231,9152
8232,9153
8233,9154
8234,9155
8235,9156
8236,9157
8237,9158
8238,9159
8239,9161
8240,9162
8241,9163
8242,9164
8243,9165
8244,9166
8245,9167
8246,9168
8247,9169
8248,9170
8249,9171
8250,9173
8251,9174
8252,9175
8253,9176
8254,9177
8255,9178
8256,9179
8257,9181
8258,9182
8259,9183
8260,9184
8261,9185
8262,9186
8263,9187
8264,9188
8265,9189
8266,9191
8267,9192
8268,9193
8269,9194
8270,9195
8271,9196
8272,9197
8273,9198
8274,9199
8275,9200
8276,9201
8277,9202
8278,9203
8279,9204
8280,9205
8281,9206
8282,9208
8283,9209
8284,9210
8285,9211
8286,9212
8287,9213
8288,9214
8289,9215
8290,9216
8291,9217
8292,9218
8293,9219
8294,9221
8295,9222
8296,9224
8297,9225
8298,9226
8299,9227
8300,9228
8301,9229
8302,9230
8303,9231
8304,9232
8305,9233
8306,9234
8307,9235
8308,9236
8309,9237
8310,9240
8311,9243
8312,9244
8313,9245
8314,9246
8315,9247
8316,9248
8317,9250
8318,9251
8319,9252
8320,9253
8321,9254
8322,9255
8323,9256
8324,9258
8325,9259
8326,9260
8327,9261
8328,9262
8329,9263
8330,9265
8331,9266
8332,9268
8333,9269
8334,9270
8335,9271
8336,9272
8337,9273
8338,9274
8339,9275
8340,9276
8341,9277
8342,9278
8343,9279
8344,9280
8345,9281
8346,9282
8347,9283
8348,9284
8349,9285
8350,9286
8351,9287
8352,9288
8353,9289
8354,9290
8355,9291
8356,9292
8357,9294
8358,9295
8359,9296
8360,9298
8361,9299
8362,9300
8363,9301
8364,9302
8365,9303
8366,9304
8367,9305
8368,9306
8369,9308
8370,9310
8371,9311
8372,9312
8373,9313
8374,9314
8375,9315
8376,9317
8377,9318
8378,9320
8379,9321
8380,9322
8381,9323
8382,9324
8383,9325
8384,9326
8385,9327
8386,9328
8387,9329
8388,9330
8389,9331
8390,9332
8391,9333
8392,9334
8393,9335
8394,9336
8395,9337
8396,9338
8397,9339
8398,9340
8399,9341
8400,9342
8401,9343
8402,9344
8403,9345
8404,9346
8405,9347
8406,9348
8407,9349
8408,9350
8409,9351
8410,9352
8411,9353
8412,9354
8413,9355
8414,9356
8415,9357
8416,9358
8417,9360
8418,9361
8419,9362
8420,9363
8421,9364
8422,9365
8423,9366
8424,9367
8425,9368
8426,9369
8427,9370
8428,9372
8429,9373
8430,9375
8431,9376
8432,9377
8433,9378
8434,9379
8435,9380
8436,9381
8437,9382
8438,9383
8439,9384
8440,9385
8441,9386
8442,9387
8443,9388
8444,9389
8445,9390
8446,9391
8447,9392
8448,9393
8449,9395
8450,9396
8451,9398
8452,9399
8453,9400
8454,9401
8455,9402
8456,9403
8457,9404
8458,9405
8459,9407
8460,9408
8461,9409
8462,9410
8463,9412
8464,9413
8465,9414
8466,9415
8467,9416
8468,9417
8469,9418
8470,9419
8471,9420
8472,9422
8473,9423
8474,9424
8475,9425
8476,9426
8477,9427
8478,9428
8479,9429
8480,9430
8481,9431
8482,9432
8483,9433
8484,9434
8485,9435
8486,9436
8487,9437
8488,9438
8489,9439
8490,9440
8491,9441
8492,9442
8493,9443
8494,9444
8495,9445
8496,9446
8497,9447
8498,9448
8499,9449
8500,9450
8501,9451
8502,9452
8503,9453
8504,9454
8505,9455
8506,9456
8507,9457
8508,9458
8509,9459
8510,9460
8511,9461
8512,9462
8513,9463
8514,9464
8515,9465
8516,9466
8517,9467
8518,9468
8519,9469
8520,9470
8521,9471
8522,9472
8523,9473
8524,9474
8525,9475
8526,9476
8527,9477
8528,9478
8529,9479
8530,9480
8531,9481
8532,9482
8533,9483
8534,9484
8535,9485
8536,9486
8537,9487
8538,9488
8539,9489
8540,9491
8541,9492
8542,9493
8543,9494
8544,9495
8545,9496
8546,9497
8547,9498
8548,9499
8549,9500
8550,9501
8551,9502
8552,9503
8553,9504
8554,9505
8555,9506
8556,9507
8557,9508
8558,9509
8559,9510
8560,9511
8561,9512
8562,9513
8563,9514
8564,9515
8565,9516
8566,9517
8567,9518
8568,9519
8569,9520
8570,9522
8571,9523
8572,9524
8573,9525
8574,9526
8575,9527
8576,9528
8577,9529
8578,9530
8579,9531
8580,9532
8581,9533
8582,9534
8583,9535
8584,9536
8585,9537
8586,9538
8587,9539
8588,9540
8589,9541
8590,9542
8591,9543
8592,9544
8593,9545
8594,9546
8595,9547
8596,9549
8597,9550
8598,9551
8599,9553
8600,9554
8601,9555
8602,9556
8603,9557
8604,9558
8605,9559
8606,9560
8607,9561
8608,9563
8609,9564
8610,9565
8611,9566
8612,9567
8613,9568
8614,9569
8615,9570
8616,9571
8617,9572
8618,9573
8619,9574
8620,9575
8621,9576
8622,9577
8623,9578
8624,9579
8625,9580
8626,9582
8627,9583
8628,9584
8629,9585
8630,9586
8631,9587
8632,9588
8633,9589
8634,9590
8635,9591
8636,9592
8637,9593
8638,9594
8639,9595
8640,9596
8641,9597
8642,9598
8643,9599
8644,9600
8645,9601
8646,9603
8647,9604
8648,9605
8649,9606
8650,9607
8651,9609
8652,9610
8653,9611
8654,9612
8655,9613
8656,9614
8657,9615
8658,9616
8659,9617
8660,9619
8661,9620
8662,9622
8663,9624
8664,9626
8665,9627
